matrix,operation,backend,files,file_bytes,content,packed,concurrency,max_buffered_bytes,requested_decode_workers,pairs,enough_samples,baseline_median_seconds,candidate_median_seconds,median_paired_reduction_percent,minimum_paired_reduction_percent,maximum_paired_reduction_percent
large,cold,memory,16,4194304,random,False,16,67108864,4,5,True,0.320114165,0.29779392,7.398828558204718,-20.087407373674825,59.732052542589976
large,warm,memory,16,4194304,random,False,16,67108864,4,5,True,0.000125136,0.00011716,8.159122874312752,-10.647383159689007,54.84410821549523
large,subtree-delta,memory,16,4194304,random,False,16,67108864,4,5,True,0.00088168,0.000761163,11.030419199709652,-5.409784530929973,48.92371193879698
large,wide-delta,memory,16,4194304,random,False,16,67108864,4,5,True,0.000826306,0.000793694,6.602033629188209,-13.608358075802563,49.35110599463579
large,cold,local,16,4194304,random,False,16,67108864,4,5,True,0.385920054,0.309874596,17.058104733785097,5.6062484931958645,45.83025145351457
large,warm,local,16,4194304,random,False,16,67108864,4,5,True,0.023927741,0.028978751,-11.737330322992046,-54.25483143245182,9.566721041317006
large,subtree-delta,local,16,4194304,random,False,16,67108864,4,5,True,0.024880816,0.015761536,36.65185257589623,-28.947672021407666,61.97556234310091
large,wide-delta,local,16,4194304,random,False,16,67108864,4,5,True,0.02469713,0.024726425,-0.1186170214919624,-157.59168747490074,16.41099140460074
large,cold,memory,16,4194304,random,True,16,67108864,4,5,True,0.17942875,0.119447316,16.981386325408398,11.03418102827829,38.590431577994046
large,warm,memory,16,4194304,random,True,16,67108864,4,5,True,0.000133271,0.000113423,4.157406859721324,-84.61348942079405,38.416769455432195
large,subtree-delta,memory,16,4194304,random,True,16,67108864,4,5,True,0.000717942,0.000715357,1.1234890840764233,-75.79677069220547,10.379016895933912
large,wide-delta,memory,16,4194304,random,True,16,67108864,4,5,True,0.000683577,0.000683377,8.728756250339364,-34.72060403544568,18.244323609483637
large,cold,local,16,4194304,random,True,16,67108864,4,5,True,0.534273776,0.4677314,10.062577542641737,3.1305318719439645,32.32969462087135
large,warm,local,16,4194304,random,True,16,67108864,4,5,True,0.029063852,0.028311105,5.634799194457296,-1.4826355432858707,28.127371692575586
large,subtree-delta,local,16,4194304,random,True,16,67108864,4,5,True,0.026652302,0.026344963,0.2815452781048222,-75.97321654734763,25.06304606248634
large,wide-delta,local,16,4194304,random,True,16,67108864,4,5,True,0.026344652,0.027519323,-5.308267922217413,-101.38768641610687,-0.9941516355393087
small,cold,memory,64,1024,random,False,16,67108864,4,5,True,0.031273472,0.031906704,-5.176556667580767,-42.29834259267848,6.257437596677773
small,warm,memory,64,1024,random,False,16,67108864,4,5,True,8.9729e-05,8.7555e-05,-0.16280237148789123,-17.89758739537175,14.68172703613635
small,subtree-delta,memory,64,1024,random,False,16,67108864,4,5,True,0.000692013,0.000653059,7.9311073436363895,-11.147055679360562,18.50562545406731
small,wide-delta,memory,64,1024,random,False,16,67108864,4,5,True,0.008230136,0.007544334,8.158140103864541,-21.70225266625132,15.25345995861066
small,cold,memory,64,65536,random,False,16,67108864,4,5,True,0.054831107,0.051904476,4.024626478467597,-14.313344859243692,36.3017629683018
small,warm,memory,64,65536,random,False,16,67108864,4,5,True,0.000101431,0.000100639,-11.772676284721072,-12.089992211454103,24.208247794603977
small,subtree-delta,memory,64,65536,random,False,16,67108864,4,5,True,0.000732619,0.000672025,10.820921270542271,3.685597769808069,32.06304021380839
small,wide-delta,memory,64,65536,random,False,16,67108864,4,5,True,0.007099618,0.006935138,-0.8239779218054855,-32.731950124828614,12.331025887270675
small,cold,local,64,1024,random,False,16,67108864,4,5,True,0.053195467,0.047655656,1.142926332426042,-10.879848417755955,39.619025580553405
small,warm,local,64,1024,random,False,16,67108864,4,5,True,0.0073451,0.006828897,5.469328176344257,-109.0693938392659,26.57361334774
small,subtree-delta,local,64,1024,random,False,16,67108864,4,5,True,0.015225446,0.013317184,10.582146302399009,-16.113134320247013,27.062264710382312
small,wide-delta,local,64,1024,random,False,16,67108864,4,5,True,0.020704383,0.019836638,4.079054587575115,-1.422792062370637,9.502741404827574
small,cold,local,64,65536,random,False,16,67108864,4,5,True,0.103974865,0.108841779,-13.354594934441444,-34.9580662646217,5.046303461398772
small,warm,local,64,65536,random,False,16,67108864,4,5,True,0.006842013,0.006780336,3.6274526157536346,-3.3134706013841164,27.894820716745507
small,subtree-delta,local,64,65536,random,False,16,67108864,4,5,True,0.013566674,0.012521355,9.141710046250108,-12.742778439701086,26.60906626559203
small,wide-delta,local,64,65536,random,False,16,67108864,4,5,True,0.02280117,0.02016645,10.808758279596331,-1.3294683139662533,33.562172147356314
small,cold,memory,64,1024,random,True,16,67108864,4,5,True,0.014751905,0.015533617,-5.299057986070266,-55.61552347628342,30.366470102263253
small,warm,memory,64,1024,random,True,16,67108864,4,5,True,8.2756e-05,0.000107161,-21.61051766639277,-142.9372134630437,23.136061579880373
small,subtree-delta,memory,64,1024,random,True,16,67108864,4,5,True,0.00071662,0.000740123,-3.2797019340794265,-12.902712429526296,11.183242051002452
small,wide-delta,memory,64,1024,random,True,16,67108864,4,5,True,0.007641086,0.007611311,-9.124004100987747,-27.178377351892568,21.462428527175536
small,cold,memory,64,65536,random,True,16,67108864,4,5,True,0.038832705,0.036981149,23.355984547299435,-88.98722464529982,29.310436117961324
small,warm,memory,64,65536,random,True,16,67108864,4,5,True,0.000102664,0.000106871,3.8771340445177827,-11.49239014770631,9.569975424894828
small,subtree-delta,memory,64,65536,random,True,16,67108864,4,5,True,0.000906767,0.000731107,6.374074045482459,-3.0764740880265595,60.33833762093992
small,wide-delta,memory,64,65536,random,True,16,67108864,4,5,True,0.008855814,0.00701097,19.558736334496963,6.578350122560773,28.418374186560825
small,cold,local,64,1024,random,True,16,67108864,4,5,True,0.035581954,0.036955209,-2.4107488848530867,-7.3317298307168155,15.760531659773225
small,warm,local,64,1024,random,True,16,67108864,4,5,True,0.006245149,0.006445255,-1.120915119841981,-43.58805346121481,11.399078538068007
small,subtree-delta,local,64,1024,random,True,16,67108864,4,5,True,0.010796788,0.010291787,4.578948638182522,-25.1560371473442,16.630474589954314
small,wide-delta,local,64,1024,random,True,16,67108864,4,5,True,0.01831301,0.019428601,-13.356233758201853,-66.93696865876592,18.431300510371052
small,cold,local,64,65536,random,True,16,67108864,4,5,True,0.073570519,0.073782017,-1.436029858607224,-30.65098444487404,42.54930369415172
small,warm,local,64,65536,random,True,16,67108864,4,5,True,0.006706928,0.007181661,-2.785588706754738,-17.19596638852934,12.742457634947401
small,subtree-delta,local,64,65536,random,True,16,67108864,4,5,True,0.012277977,0.01237502,-6.711159615147144,-19.506017747095928,7.241508805086561
small,wide-delta,local,64,65536,random,True,16,67108864,4,5,True,0.020589716,0.021340189,3.0019374674477017,-10.125710330341619,28.060696427443467
mixed,cold,memory,64,4194304,mixed,False,16,67108864,4,5,True,0.210001883,0.205579297,8.870438489832333,-28.364819927511654,22.960743181895893
mixed,warm,memory,64,4194304,mixed,False,16,67108864,4,5,True,0.000145734,0.000110749,21.85488629969672,-11.762327893022185,44.007040784116505
mixed,subtree-delta,memory,64,4194304,mixed,False,16,67108864,4,5,True,0.000899634,0.000747588,1.707209736406834,-30.143420920103647,45.16263810195097
mixed,wide-delta,memory,64,4194304,mixed,False,16,67108864,4,5,True,0.01022945,0.010093875,-1.8081030749453886,-20.661568080201455,16.318056671300983
mixed,cold,local,64,4194304,mixed,False,16,67108864,4,5,True,0.327771381,0.368967014,8.159382233193336,-27.513930364597638,21.097139655399
mixed,warm,local,64,4194304,mixed,False,16,67108864,4,5,True,0.010047859,0.011520481,-20.173378326926805,-51.74997071149945,28.743215559755562
mixed,subtree-delta,local,64,4194304,mixed,False,16,67108864,4,5,True,0.01268871,0.015999093,-15.064923864122747,-33.09005297913432,5.444603903785328
mixed,wide-delta,local,64,4194304,mixed,False,16,67108864,4,5,True,0.021862773,0.020127055,10.840159145086858,2.620319488723888,38.39393045697612
mixed,cold,memory,64,4194304,mixed,True,16,67108864,4,5,True,0.177043209,0.160272182,9.472843999342551,-8.391404037700223,27.30823024999468
mixed,warm,memory,64,4194304,mixed,True,16,67108864,4,5,True,0.000131457,0.000115988,7.1771686917208255,-25.905547408232344,11.767345976250787
mixed,subtree-delta,memory,64,4194304,mixed,True,16,67108864,4,5,True,0.000840081,0.001049176,-6.146672318779145,-133.31592129578124,6.77160892818669
mixed,wide-delta,memory,64,4194304,mixed,True,16,67108864,4,5,True,0.012779031,0.017598986,-11.507689474333338,-240.80132661144052,73.80427908283123
mixed,cold,local,64,4194304,mixed,True,16,67108864,4,5,True,0.459915634,0.435798586,-3.569637528263847,-18.965192262097496,26.896361729042994
mixed,warm,local,64,4194304,mixed,True,16,67108864,4,5,True,0.014508417,0.014057808,6.687769811763489,-1.9718071240990787,37.43672866147975
mixed,subtree-delta,local,64,4194304,mixed,True,16,67108864,4,5,True,0.021055354,0.026588792,-26.28043204592998,-54.13799408826851,36.90304097204996
mixed,wide-delta,local,64,4194304,mixed,True,16,67108864,4,5,True,0.035525318,0.033972294,4.371597743333355,-44.64193264794862,44.393967912907016
boundaries,cold,memory,17,65536,random,False,16,131071,4,5,True,0.023848562,0.023205843,5.474549295024644,-27.30317539936582,40.51145801608158
boundaries,warm,memory,17,65536,random,False,16,131071,4,5,True,0.000146646,0.000119505,18.026079471183998,2.9290640154007286,41.42970145793271
boundaries,subtree-delta,memory,17,65536,random,False,16,131071,4,5,True,0.001055888,0.000976458,-1.141787000220007,-42.86268998227085,13.382080141082909
boundaries,wide-delta,memory,17,65536,random,False,16,131071,4,5,True,0.001137391,0.001078691,-3.946740041736585,-26.142602565122665,12.310102682366919
boundaries,cold,local,17,65536,random,False,16,131071,4,5,True,0.117803903,0.099409539,23.64808203246508,2.791326871402555,62.03544624106612
boundaries,warm,local,17,65536,random,False,16,131071,4,5,True,0.013142926,0.009470551,3.0110705264527082,-21.420732339206673,82.06284826439037
boundaries,subtree-delta,local,17,65536,random,False,16,131071,4,5,True,0.022430542,0.016537837,10.006884054308962,-5.117528085932643,26.358083545194766
boundaries,wide-delta,local,17,65536,random,False,16,131071,4,5,True,0.022249582,0.021687152,5.536569739319274,-7.226401667473326,19.62481120202736
boundaries,cold,memory,17,65536,random,True,16,131071,4,5,True,0.01906741,0.017398257,-16.77960732883008,-43.383203546172425,30.1032373960874
boundaries,warm,memory,17,65536,random,True,16,131071,4,5,True,8.8968e-05,0.000134774,-77.41673885397277,-162.61127596439167,49.914807493175196
boundaries,subtree-delta,memory,17,65536,random,True,16,131071,4,5,True,0.001093579,0.001522827,-47.66752104786212,-82.68297364411761,17.58741367404624
boundaries,wide-delta,memory,17,65536,random,True,16,131071,4,5,True,0.001152851,0.00131727,-29.596636691199073,-68.5216884024041,-4.259180067502211
boundaries,cold,local,17,65536,random,True,16,131071,4,5,True,0.060496794,0.052504265,14.103328419059014,-6.703831945645877,35.72834950559529
boundaries,warm,local,17,65536,random,True,16,131071,4,5,True,0.009918354,0.00871597,20.67223239567624,-33.063046391781484,31.631805469041808
boundaries,subtree-delta,local,17,65536,random,True,16,131071,4,5,True,0.018337285,0.017467929,22.25655655011156,-40.53913472922615,46.97778520996852
boundaries,wide-delta,local,17,65536,random,True,16,131071,4,5,True,0.021362121,0.016801915,33.31718973038251,-51.06155218970678,45.86015241351552
boundaries,cold,memory,17,65536,random,False,16,131072,4,5,True,0.029356773,0.022068601,22.712170851811074,-6.586972231561883,34.21665151829052
boundaries,warm,memory,17,65536,random,False,16,131072,4,5,True,0.000177133,0.000147298,21.82416386066832,-54.061290659972805,53.8692031469487
boundaries,subtree-delta,memory,17,65536,random,False,16,131072,4,5,True,0.001134927,0.001171646,-3.2353622744017763,-26.368146849500107,33.00175709913346
boundaries,wide-delta,memory,17,65536,random,False,16,131072,4,5,True,0.001228593,0.00129593,-5.480822371607186,-72.3453627566967,32.21154306162869
boundaries,cold,local,17,65536,random,False,16,131072,4,5,True,0.070333656,0.077977217,-5.402938246235922,-28.513314869913444,12.064012868050655
boundaries,warm,local,17,65536,random,False,16,131072,4,5,True,0.008873497,0.011459105,-4.97945736613199,-36.46547089315393,25.399030801734646
boundaries,subtree-delta,local,17,65536,random,False,16,131072,4,5,True,0.018905325,0.018263216,-3.7001862305465982,-20.37872927336608,23.116970795378055
boundaries,wide-delta,local,17,65536,random,False,16,131072,4,5,True,0.022184099,0.018244661,8.226286400501925,-1.1741504255421642,17.757935537521718
boundaries,cold,memory,17,65536,random,True,16,131072,4,5,True,0.014332185,0.016425246,-17.036621251899554,-109.62826071504725,36.87240299909864
boundaries,warm,memory,17,65536,random,True,16,131072,4,5,True,9.2244e-05,0.000151375,-64.1028142751832,-202.04732914375492,14.487083597031237
boundaries,subtree-delta,memory,17,65536,random,True,16,131072,4,5,True,0.000753308,0.001146578,-38.72815405761021,-182.45110929808737,12.057065061072647
boundaries,wide-delta,memory,17,65536,random,True,16,131072,4,5,True,0.001092316,0.001303033,-19.29084623863424,-134.4626716788036,42.554239005721904
boundaries,cold,local,17,65536,random,True,16,131072,4,5,True,0.048512199,0.047166375,8.930176062028261,-9.281269645187606,16.582806814313066
boundaries,warm,local,17,65536,random,True,16,131072,4,5,True,0.008687748,0.008008439,6.5914861219370735,-4.255999588885406,12.549383804076108
boundaries,subtree-delta,local,17,65536,random,True,16,131072,4,5,True,0.016510486,0.01545548,4.619053046883803,-1.9372943373520135,13.069039881684885
boundaries,wide-delta,local,17,65536,random,True,16,131072,4,5,True,0.016695054,0.016940035,9.965840837269635,-6.351318180821686,20.64498166408253
boundaries,cold,memory,17,65536,random,False,16,131073,4,5,True,0.015512297,0.015010722,-2.0806052611338277,-11.91565550989504,50.82607403088046
boundaries,warm,memory,17,65536,random,False,16,131073,4,5,True,9.059e-05,9.4047e-05,-9.51098355226847,-114.41693130200589,48.794577115183166
boundaries,subtree-delta,memory,17,65536,random,False,16,131073,4,5,True,0.000720747,0.000836875,-0.8478425665277456,-68.427753342188,30.669923965264733
boundaries,wide-delta,memory,17,65536,random,False,16,131073,4,5,True,0.000791581,0.001057451,-23.98579551555684,-60.95463076133927,30.845901372997453
boundaries,cold,local,17,65536,random,False,16,131073,4,5,True,0.064971108,0.058548115,9.155826670296252,-38.12784934489994,22.091424083455678
boundaries,warm,local,17,65536,random,False,16,131073,4,5,True,0.008933239,0.0086944,-2.0488527896236564,-4.349988514445857,17.074267354905192
boundaries,subtree-delta,local,17,65536,random,False,16,131073,4,5,True,0.015914324,0.01558786,2.060572825133633,-45.56345391622521,23.457609635194064
boundaries,wide-delta,local,17,65536,random,False,16,131073,4,5,True,0.017278171,0.016217725,0.6120900076347469,-5.739859089462485,33.216779992752286
boundaries,cold,memory,17,65536,random,True,16,131073,4,5,True,0.017995652,0.017928365,-8.506019365829243,-126.95234010231667,46.914630357732335
boundaries,warm,memory,17,65536,random,True,16,131073,4,5,True,0.000144222,0.000137809,-41.40977104741302,-104.31609822453342,59.49867481245228
boundaries,subtree-delta,memory,17,65536,random,True,16,131073,4,5,True,0.001176676,0.00134908,-30.630181970227998,-85.52130511517689,73.00644994094179
boundaries,wide-delta,memory,17,65536,random,True,16,131073,4,5,True,0.001000514,0.001671236,-27.557735324043442,-85.30621658361774,2.6916179569658305
boundaries,cold,local,17,65536,random,True,16,131073,4,5,True,0.047468564,0.04767879,-7.804182568600271,-17.742042939225744,49.98093138367703
boundaries,warm,local,17,65536,random,True,16,131073,4,5,True,0.00975671,0.008982131,7.938936383268535,-27.814044577077325,58.75091648279472
boundaries,subtree-delta,local,17,65536,random,True,16,131073,4,5,True,0.017592373,0.01641203,4.644575385204385,-1.0613633353029783,42.27941149738012
boundaries,wide-delta,local,17,65536,random,True,16,131073,4,5,True,0.016705252,0.015548815,10.729465322327936,-166.4071745690272,38.76064411013596
serial,cold,memory,16,1024,random,False,16,67108864,1,5,True,0.002929045,0.002873651,6.346221471481506,-12.575233318461066,21.803454709640857
serial,warm,memory,16,1024,random,False,16,67108864,1,5,True,5.297e-05,4.9092e-05,1.4863218518108345,-26.833050553700776,29.578838650447558
serial,subtree-delta,memory,16,1024,random,False,16,67108864,1,5,True,0.000673508,0.000710077,12.013517285615006,-14.71060521860501,17.537079305609872
serial,wide-delta,memory,16,1024,random,False,16,67108864,1,5,True,0.000840232,0.00073285,8.508606533795415,1.3251596917185582,36.018623427815164
serial,cold,memory,16,4194304,random,False,16,67108864,1,5,True,1.042096259,1.117090199,-4.759688807212203,-78.4890242969149,37.36288421804589
serial,warm,memory,16,4194304,random,False,16,67108864,1,5,True,0.000159951,0.000172796,-14.442815249266872,-32.28300644588364,-0.9392146525296186
serial,subtree-delta,memory,16,4194304,random,False,16,67108864,1,5,True,0.001010964,0.001092066,14.872792527528588,-39.224994533660485,31.36689155430141
serial,wide-delta,memory,16,4194304,random,False,16,67108864,1,5,True,0.001007588,0.000987008,-10.413466599183895,-49.02504394147418,21.414154124748773
serial,cold,local,16,1024,random,False,16,67108864,1,5,True,0.026368036,0.023929054,6.195399139647773,-21.791780450562648,27.875345826974694
serial,warm,local,16,1024,random,False,16,67108864,1,5,True,0.009765978,0.008610302,-37.133971846634495,-76.25160135641916,41.55795925940401
serial,subtree-delta,local,16,1024,random,False,16,67108864,1,5,True,0.019384929,0.015323351,22.282274028447556,-7.123819134919973,30.964427563206975
serial,wide-delta,local,16,1024,random,False,16,67108864,1,5,True,0.018479994,0.016719289,9.797939332216131,-5.212182729617099,17.864874207833893
serial,cold,local,16,4194304,random,False,16,67108864,1,5,True,1.643740632,1.585894038,0.032048809649709575,-25.491663356709005,25.215061362552007
serial,warm,local,16,4194304,random,False,16,67108864,1,5,True,0.036571667,0.030985751,12.882663606386203,-60.05268154704715,33.714610274669745
serial,subtree-delta,local,16,4194304,random,False,16,67108864,1,5,True,0.027539862,0.028134192,-6.007634803590478,-175.64112394408414,48.796879712713306
serial,wide-delta,local,16,4194304,random,False,16,67108864,1,5,True,0.026687949,0.027418483,2.0377924133473058,-167.98507618623933,28.150340968030918
serial,cold,memory,16,1024,random,True,16,67108864,1,5,True,0.001525282,0.001496578,-0.4401153360493293,-1.4920224775475388,8.053457796694662
serial,warm,memory,16,1024,random,True,16,67108864,1,5,True,3.0758e-05,2.9726e-05,2.4345146379044724,-3.9404382599648846,48.4353316680544
serial,subtree-delta,memory,16,1024,random,True,16,67108864,1,5,True,0.000426242,0.000411866,-0.8390481810013117,-13.978221046203965,12.529533947812544
serial,wide-delta,memory,16,1024,random,True,16,67108864,1,5,True,0.000426453,0.000426974,0.3894159967166355,-5.474865738212276,19.716376600129358
serial,cold,memory,16,4194304,random,True,16,67108864,1,5,True,0.229943941,0.22816924,-1.6679360151072853,-42.700973213735935,48.82428740252232
serial,warm,memory,16,4194304,random,True,16,67108864,1,5,True,8.4699e-05,8.4909e-05,-8.597337153235184,-9.384775808133462,49.793690398326916
serial,subtree-delta,memory,16,4194304,random,True,16,67108864,1,5,True,0.000413779,0.000416694,0.5181509936463713,-80.9559597998771,42.76431674952049
serial,wide-delta,memory,16,4194304,random,True,16,67108864,1,5,True,0.000644814,0.000639895,1.51416043205439,-76.2494392921305,37.459639523955744
serial,cold,local,16,1024,random,True,16,67108864,1,5,True,0.019732312,0.019728404,-1.081095380905417,-34.47580825055605,7.794487976717268
serial,warm,local,16,1024,random,True,16,67108864,1,5,True,0.006300623,0.006898438,-6.258619187340675,-26.22479981239958,4.5355020667778305
serial,subtree-delta,local,16,1024,random,True,16,67108864,1,5,True,0.012344422,0.012383566,-3.0036076213207696,-8.643839447082534,6.19598343428801
serial,wide-delta,local,16,1024,random,True,16,67108864,1,5,True,0.012239124,0.012562663,-6.753064309377965,-22.37650448617654,6.553889699428317
serial,cold,local,16,4194304,random,True,16,67108864,1,5,True,0.843172945,0.803658902,-0.013474256151280173,-42.764464293858495,28.237137280421678
serial,warm,local,16,4194304,random,True,16,67108864,1,5,True,0.030518199,0.029963516,-15.498493217098751,-73.38367831780408,35.83141400165941
serial,subtree-delta,local,16,4194304,random,True,16,67108864,1,5,True,0.026175804,0.027418975,-6.836997251354715,-39.517290368803096,27.482944108658568
serial,wide-delta,local,16,4194304,random,True,16,67108864,1,5,True,0.02701265,0.03170271,-26.641204266461415,-244.99364456934717,-17.35779109057587
small-repeat,cold,local,64,65536,random,False,16,67108864,4,5,True,0.07316744,0.062158693,-5.341989451875784,-94.89613002723614,30.599965087118363
small-repeat,warm,local,64,65536,random,False,16,67108864,4,5,True,0.005308284,0.005206112,-3.670424315933829,-18.496919155041436,16.761021332767122
small-repeat,subtree-delta,local,64,65536,random,False,16,67108864,4,5,True,0.008887384,0.009099272,5.280271956205674,-35.639418753594974,21.585161277757415
small-repeat,wide-delta,local,64,65536,random,False,16,67108864,4,5,True,0.015346284,0.013816303,-0.016844613209499038,-29.78973294908942,15.914980501965658
small-repeat,cold,local,64,65536,random,True,16,67108864,4,5,True,0.036131058,0.03409822,5.884173112229385,0.431917268322457,8.538679187740305
small-repeat,warm,local,64,65536,random,True,16,67108864,4,5,True,0.00398859,0.003981356,1.3510845391471182,-5.858185474064759,17.159173412693065
small-repeat,subtree-delta,local,64,65536,random,True,16,67108864,4,5,True,0.007751625,0.007211077,9.382739942040907,-10.850538734902804,12.689107122700083
small-repeat,wide-delta,local,64,65536,random,True,16,67108864,4,5,True,0.011764971,0.01074487,3.640616981746314,-8.21041633221058,21.367425568350363
serial-repeat,cold,local,16,4194304,random,True,16,67108864,1,5,True,0.651575088,0.478023133,12.06927991615574,-1.6822187038556535,56.50667272831509
serial-repeat,warm,local,16,4194304,random,True,16,67108864,1,5,True,0.026592077,0.027930628,2.1095837571622256,-9.60048363277528,63.75575600459544
serial-repeat,subtree-delta,local,16,4194304,random,True,16,67108864,1,5,True,0.022473342,0.025682585,-19.111147498159873,-143.64707706062183,-6.638798982367655
serial-repeat,wide-delta,local,16,4194304,random,True,16,67108864,1,5,True,0.023351466,0.025137438,1.857950477391801,-14.471605427002142,42.48177120763058
