case,operation,files,file_bytes,packed,decode_workers,max_buffered_bytes,content,backend,imports,requested_shared_cpu_limit,pairs,enough_samples,cold_hwm_comparison,blob_deltas,baseline_wall_median_seconds,baseline_hwm_before_median_mib,baseline_hwm_before_min_mib,baseline_hwm_before_max_mib,baseline_hwm_after_median_mib,baseline_hwm_after_min_mib,baseline_hwm_after_max_mib,baseline_peak_cpu_jobs_max,baseline_reserved_spill_median_mib,baseline_io_rchar_median_bytes,baseline_io_wchar_median_bytes,baseline_io_read_bytes_median_bytes,baseline_io_write_bytes_median_bytes,baseline_io_cancelled_write_bytes_median_bytes,candidate_wall_median_seconds,candidate_hwm_before_median_mib,candidate_hwm_before_min_mib,candidate_hwm_before_max_mib,candidate_hwm_after_median_mib,candidate_hwm_after_min_mib,candidate_hwm_after_max_mib,candidate_peak_cpu_jobs_max,candidate_reserved_spill_median_mib,candidate_io_rchar_median_bytes,candidate_io_wchar_median_bytes,candidate_io_read_bytes_median_bytes,candidate_io_write_bytes_median_bytes,candidate_io_cancelled_write_bytes_median_bytes,baseline_user_ticks_median,baseline_system_ticks_median,baseline_cpu_median_seconds,candidate_user_ticks_median,candidate_system_ticks_median,candidate_cpu_median_seconds,cpu_ticks_per_second,cpu_added_ticks_median,cpu_zero_baseline_pairs,cpu_reduction_median_percent,time_reduction_median_percent,time_reduction_min_percent,time_reduction_max_percent,faster_pairs,paired_hwm_reduction_median_mib,paired_hwm_reduction_min_mib,paired_hwm_reduction_max_mib
disabled-overhead,cold,16,1024,True,1,67108864,random,local,1,0,5,True,True,0,0.016326429,21.94140625,21.6953125,23.99609375,24.23046875,23.953125,26.07421875,0,0.0,,,,,,0.018513939,21.1171875,18.89453125,21.171875,22.7109375,21.1796875,23.18359375,0,0.0,,,,,,1,1,0.01,1,1,0.02,100,0,1,50.0,-13.553836465867143,-29.22678188594525,8.289971421483767,1,2.8515625,1.046875,3.36328125
disabled-overhead,cold,16,1024,True,1,67108864,random,local,4,0,5,True,True,0,0.025636613,41.046875,40.953125,45.03515625,45.50390625,44.89453125,48.86328125,0,0.0,,,,,,0.025388727,42.1171875,40.19921875,42.16796875,45.8046875,44.11328125,46.4140625,0,0.0,,,,,,2,2,0.05,2,2,0.04,100,0,0,0.0,-0.47878014404414415,-19.773844308343612,8.297251923724069,2,1.10546875,-1.51953125,3.015625
disabled-overhead,cold,16,1024,True,4,67108864,random,local,1,0,5,True,True,0,0.011713952,21.95703125,21.89453125,22.02734375,24.23828125,24.20703125,24.3671875,0,0.0,,,,,,0.01109177,21.22265625,19.296875,21.2890625,22.95703125,21.125,23.2109375,0,0.0,,,,,,0,1,0.01,0,1,0.01,100,0,1,25.0,-0.23460058569473308,-2.007166526295734,59.614931381644,2,1.2734375,1.02734375,3.21875
disabled-overhead,cold,16,1024,True,4,67108864,random,local,4,0,5,True,True,0,0.014715244,40.9921875,40.97265625,42.98828125,45.55078125,45.44921875,48.296875,0,0.0,,,,,,0.014161672,40.30859375,38.2421875,42.33203125,44.69921875,42.796875,47.2578125,0,0.0,,,,,,1,1,0.02,1,1,0.02,100,1,0,-50.0,-0.007144551096160967,-9.562615359086646,4.951625304085116,2,1.21875,-1.24609375,3.59765625
disabled-overhead,cold,16,1048577,True,1,67108864,random,local,1,0,5,True,True,0,0.076519385,22.05859375,21.92578125,22.1171875,83.8671875,78.53125,86.48828125,0,0.0,,,,,,0.076285094,21.5625,19.69140625,21.63671875,82.48046875,76.21875,85.4296875,0,0.0,,,,,,6,3,0.09,6,3,0.09,100,0,0,0.0,-1.2033609727924333,-5.4329357194912165,7.821151520945402,2,3.2109375,-3.94921875,8.7890625
disabled-overhead,cold,16,1048577,True,1,67108864,random,local,4,0,5,True,True,0,0.26072868,43.10546875,39.13671875,45.140625,271.98828125,256.51171875,279.34765625,0,0.0,,,,,,0.271656732,41.0,40.58984375,42.6796875,258.25390625,250.72265625,278.23828125,0,0.0,,,,,,24,11,0.35,23,12,0.36,100,1,0,-2.857142857142847,-4.191350180578524,-11.326049041744612,0.5230692301182116,1,1.109375,-3.75390625,22.53125
disabled-overhead,cold,16,1048577,True,4,67108864,random,local,1,0,5,True,True,0,0.079801948,22.15234375,22.06640625,24.14453125,82.96875,80.484375,93.04296875,0,0.0,,,,,,0.079418094,21.66015625,21.5625,23.58984375,82.2421875,77.09375,90.41796875,0,0.0,,,,,,5,3,0.08,6,3,0.09,100,1,0,-12.5,-0.08763990945115374,-2.064095910691699,9.596425479893378,2,3.390625,-7.58984375,10.80078125
disabled-overhead,cold,16,1048577,True,4,67108864,random,local,4,0,5,True,True,0,0.258724276,41.1484375,39.11328125,43.01953125,263.23828125,260.3828125,266.0390625,0,0.0,,,,,,0.250332831,40.625,38.65234375,42.75390625,272.3359375,248.7265625,282.44921875,0,0.0,,,,,,24,12,0.36,24,13,0.37,100,2,0,-5.555555555555558,1.5421306106486843,-1.429161037283011,15.372607701019103,4,-11.24609375,-19.2109375,17.3125
disabled-overhead,subtree-delta,16,1024,True,1,67108864,random,local,1,0,5,True,False,0,0.011588436,25.21875,24.59765625,26.7109375,25.375,24.79296875,26.86328125,0,0.0,,,,,,0.011720003,23.3046875,21.93359375,24.09375,23.40625,22.125,24.3046875,0,0.0,,,,,,0,0,0.0,0,0,0.0,100,0,3,100.0,1.4022172200744087,-38.18230518768884,12.804364219156138,3,2.66796875,1.0703125,3.53515625
disabled-overhead,subtree-delta,16,1024,True,1,67108864,random,local,4,0,5,True,False,0,0.015818021,47.375,45.68359375,49.7421875,47.76953125,46.23046875,50.4375,0,0.0,,,,,,0.016089001,47.2734375,45.03515625,47.51171875,47.66796875,45.60546875,49.93359375,0,0.0,,,,,,1,2,0.03,2,1,0.03,100,-1,0,25.0,1.5724956376151344,-2.887978211686537,2.5069214385442518,3,0.50390625,-1.6953125,1.14453125
disabled-overhead,subtree-delta,16,1024,True,4,67108864,random,local,1,0,5,True,False,0,0.007175544,24.6953125,24.64453125,24.94921875,24.93359375,24.84375,25.22265625,0,0.0,,,,,,0.007089512,23.3828125,21.51953125,23.5390625,23.59765625,21.7421875,23.796875,0,0.0,,,,,,0,0,0.0,0,0,0.0,100,0,3,100.0,3.40923299546535,-13.385033943071068,47.63868744358479,3,1.29296875,1.109375,3.37109375
disabled-overhead,subtree-delta,16,1024,True,4,67108864,random,local,4,0,5,True,False,0,0.009033073,48.3359375,46.4609375,49.2734375,49.578125,47.17578125,51.02734375,0,0.0,,,,,,0.008319689,45.57421875,43.58984375,48.203125,46.17578125,44.203125,49.0078125,0,0.0,,,,,,0,0,0.0,1,1,0.01,100,1,3,75.0,8.75204927492561,-2.55196332832357,14.914340570752904,4,3.19921875,0.5703125,4.6875
disabled-overhead,subtree-delta,16,1048577,True,1,67108864,random,local,1,0,5,True,False,0,0.007904057,84.015625,79.9296875,86.48828125,84.078125,79.9765625,86.48828125,0,0.0,,,,,,0.008318877,82.48046875,80.60546875,85.45703125,82.48046875,80.63671875,85.50390625,0,0.0,,,,,,0,0,0.01,0,0,0.0,100,0,2,100.0,-5.54483447354257,-22.49312760544704,12.476143967968712,1,3.0078125,-3.52734375,4.37109375
disabled-overhead,subtree-delta,16,1048577,True,1,67108864,random,local,4,0,5,True,False,0,0.026486925,271.98828125,256.51171875,288.6328125,271.98828125,256.51171875,288.91015625,0,0.0,,,,,,0.030294055,275.76953125,250.72265625,313.79296875,275.9375,250.79296875,314.08984375,0,0.0,,,,,,1,0,0.01,1,1,0.02,100,1,0,-100.0,-9.22623542135148,-183.33363573989095,26.86405084772958,1,-7.55078125,-25.1796875,22.4609375
disabled-overhead,subtree-delta,16,1048577,True,4,67108864,random,local,1,0,5,True,False,0,0.007604573,85.015625,82.96875,97.76953125,85.05078125,82.96875,97.86328125,0,0.0,,,,,,0.009029746,86.9609375,82.2421875,94.3203125,87.0546875,82.2421875,94.4140625,0,0.0,,,,,,0,0,0.0,0,0,0.01,100,0,3,50.0,-25.546874318655544,-27.797629137099467,18.978237778820738,1,-2.55859375,-9.36328125,15.62109375
disabled-overhead,subtree-delta,16,1048577,True,4,67108864,random,local,4,0,5,True,False,0,0.027694599,263.23828125,260.3828125,266.0390625,263.23828125,260.3828125,266.0390625,0,0.0,,,,,,0.028234607,272.3359375,248.7265625,282.44921875,272.3359375,248.7265625,282.44921875,0,0.0,,,,,,1,1,0.02,1,1,0.01,100,0,0,0.0,-1.9498675535977172,-66.41739949070522,20.502953490174857,2,-11.24609375,-19.2109375,17.3125
disabled-overhead,warm,16,1024,True,1,67108864,random,local,1,0,5,True,False,0,0.005785336,24.86328125,24.44921875,26.51953125,24.98046875,24.48828125,26.60546875,0,0.0,,,,,,0.005993167,23.11328125,21.66796875,23.796875,23.18359375,21.76171875,23.91015625,0,0.0,,,,,,0,0,0.0,0,0,0.01,100,1,3,100.0,-4.405516567835943,-21.05695212879317,1.1963004395941779,1,2.7265625,1.0703125,3.52734375
disabled-overhead,warm,16,1024,True,1,67108864,random,local,4,0,5,True,False,0,0.008415018,46.82421875,45.3046875,49.21875,46.9765625,45.4140625,49.40234375,0,0.0,,,,,,0.007928993,46.12890625,44.6328125,47.03515625,46.83203125,44.7578125,47.171875,0,0.0,,,,,,0,1,0.01,0,1,0.01,100,-1,0,50.0,-0.19230388462931902,-13.69506702809069,18.12629976808109,2,1.10546875,-1.7578125,2.5703125
disabled-overhead,warm,16,1024,True,4,67108864,random,local,1,0,5,True,False,0,0.00395545,24.53515625,24.50390625,24.77734375,24.56640625,24.54296875,24.8359375,0,0.0,,,,,,0.003929541,23.234375,21.421875,23.4296875,23.296875,21.45703125,23.45703125,0,0.0,,,,,,0,0,0.0,0,0,0.0,100,0,3,100.0,6.525030264065823,-10.384571586366121,11.450245295336837,3,1.2578125,1.109375,3.3515625
disabled-overhead,warm,16,1024,True,4,67108864,random,local,4,0,5,True,False,0,0.004059114,47.88671875,46.0078125,48.75,48.0078125,46.15234375,48.94921875,0,0.0,,,,,,0.004162259,45.15625,43.1640625,47.7734375,45.2734375,43.2734375,47.921875,0,0.0,,,,,,1,0,0.01,0,0,0.0,100,-1,1,100.0,-2.541071770834713,-14.096764782435844,0.6237303434440733,1,2.87890625,0.6328125,3.67578125
disabled-overhead,warm,16,1048577,True,1,67108864,random,local,1,0,5,True,False,0,0.005742235,83.8671875,78.953125,86.48828125,83.8671875,78.99609375,86.48828125,0,0.0,,,,,,0.004871004,82.48046875,79.84765625,85.4296875,82.48046875,79.88671875,85.4296875,0,0.0,,,,,,0,0,0.0,0,0,0.0,100,0,4,100.0,16.855165647912294,1.1722782816970145,40.051332233184475,5,3.2109375,-3.484375,5.12109375
disabled-overhead,warm,16,1048577,True,1,67108864,random,local,4,0,5,True,False,0,0.021698226,271.98828125,256.51171875,283.91015625,271.98828125,256.51171875,284.1484375,0,0.0,,,,,,0.021149573,272.828125,250.72265625,304.76171875,273.0078125,250.72265625,305.0234375,0,0.0,,,,,,0,0,0.01,0,1,0.01,100,0,2,0.0,-4.724462178971822,-59.59027105992716,32.918004448842964,2,-2.66796875,-20.875,22.53125
disabled-overhead,warm,16,1048577,True,4,67108864,random,local,1,0,5,True,False,0,0.004648775,84.0234375,82.96875,95.89453125,84.06640625,82.96875,95.98046875,0,0.0,,,,,,0.004363989,85.109375,81.609375,92.41015625,85.1796875,81.65234375,92.48046875,0,0.0,,,,,,0,0,0.0,0,0,0.0,100,0,3,100.0,-7.035308250937122,-115.35124844717157,31.407372899749596,2,-1.90625,-8.4140625,13.73828125
disabled-overhead,warm,16,1048577,True,4,67108864,random,local,4,0,5,True,False,0,0.022994918,263.23828125,260.3828125,266.0390625,263.23828125,260.3828125,266.0390625,0,0.0,,,,,,0.014584158,272.3359375,248.7265625,282.44921875,272.3359375,248.7265625,282.44921875,0,0.0,,,,,,1,0,0.01,0,0,0.0,100,-1,1,75.0,41.40443654893227,-309.35061541856436,77.07616165086046,3,-11.24609375,-19.2109375,17.3125
disabled-overhead,wide-delta,16,1024,True,1,67108864,random,local,1,0,5,True,False,0,0.011078154,25.5390625,24.9375,26.95703125,25.69140625,25.08203125,27.1015625,0,0.0,,,,,,0.010572401,23.5625,22.30859375,24.4921875,23.68359375,22.4453125,24.68359375,0,0.0,,,,,,0,0,0.0,1,1,0.02,100,1,3,-50.0,8.567031829439763,-14.225936730973077,32.30719535311516,4,2.63671875,1.0078125,3.5546875
disabled-overhead,wide-delta,16,1024,True,1,67108864,random,local,4,0,5,True,False,0,0.015977172,48.10546875,46.89453125,51.140625,48.58984375,47.453125,51.7265625,0,0.0,,,,,,0.016710853,48.2265625,46.2109375,50.25,48.59765625,46.7109375,50.640625,0,0.0,,,,,,1,2,0.03,1,2,0.03,100,1,0,-33.33333333333333,0.6036951830043602,-7.7311793308243,7.475005359917509,3,0.55859375,-1.14453125,1.3203125
disabled-overhead,wide-delta,16,1024,True,4,67108864,random,local,1,0,5,True,False,0,0.006445028,25.04296875,24.91796875,25.37890625,25.25390625,25.1171875,25.6328125,0,0.0,,,,,,0.006665243,23.6875,21.8203125,23.80078125,23.8203125,22.01171875,23.984375,0,0.0,,,,,,0,0,0.0,0,0,0.0,100,0,3,50.0,-3.4168199114107844,-17.05651897133713,3.7233409241019255,1,1.40625,1.234375,3.4375
disabled-overhead,wide-delta,16,1024,True,4,67108864,random,local,4,0,5,True,False,0,0.008002582,50.26953125,47.234375,51.1640625,51.1640625,47.91015625,51.69140625,0,0.0,,,,,,0.008511801,46.37890625,44.42578125,49.16015625,47.140625,45.0078125,49.82421875,0,0.0,,,,,,1,1,0.01,0,1,0.01,100,0,0,0.0,-8.465572567908719,-90.18191021339798,-4.438386893483859,0,4.17578125,0.66015625,4.46484375
disabled-overhead,wide-delta,16,1048577,True,1,67108864,random,local,1,0,5,True,False,0,0.008437901,84.66796875,80.578125,86.48828125,84.71875,80.62890625,86.48828125,0,0.0,,,,,,0.009401446,82.48046875,81.1015625,85.88671875,82.48046875,81.125,85.92578125,0,0.0,,,,,,0,0,0.0,0,0,0.0,100,0,3,0.0,-7.711948598972529,-18.49046729085,17.829175532451913,1,2.94921875,-3.94921875,3.8828125
disabled-overhead,wide-delta,16,1048577,True,1,67108864,random,local,4,0,5,True,False,0,0.025840237,271.98828125,256.51171875,290.61328125,271.98828125,256.51171875,290.76953125,0,0.0,,,,,,0.027287463,276.79296875,251.73046875,318.4296875,276.89453125,251.765625,318.5859375,0,0.0,,,,,,1,1,0.02,1,1,0.02,100,0,0,0.0,-4.78547855424083,-190.234793294173,43.427406071686136,2,-9.0,-27.81640625,21.48828125
disabled-overhead,wide-delta,16,1048577,True,4,67108864,random,local,1,0,5,True,False,0,0.008704353,85.7265625,82.96875,98.37109375,85.77734375,82.96875,98.44140625,0,0.0,,,,,,0.008172892,87.72265625,82.2421875,95.60546875,87.75,82.2421875,95.6171875,0,0.0,,,,,,0,1,0.01,0,0,0.01,100,0,1,50.0,-7.563230919448105,-14.032071079837882,17.227703309288522,1,-2.5703125,-9.83984375,16.19921875
disabled-overhead,wide-delta,16,1048577,True,4,67108864,random,local,4,0,5,True,False,0,0.026262331,263.30078125,261.08984375,266.0390625,263.30078125,261.08984375,266.0390625,0,0.0,,,,,,0.027279507,272.3359375,248.7265625,282.44921875,272.3359375,248.7265625,282.44921875,0,0.0,,,,,,0,1,0.01,1,1,0.02,100,1,0,-100.0,-3.873136775254271,-9.5407204389379,10.341786119387553,1,-11.24609375,-18.6171875,17.3125
shared-four,cold,16,1048577,True,4,67108864,random,local,1,4,5,True,True,0,0.081177377,22.14453125,20.16015625,24.109375,82.8125,78.19140625,86.9296875,0,0.0,,,,,,0.08066904,21.7265625,19.69140625,21.77734375,76.9453125,74.2421875,80.91796875,4,0.0,,,,,,5,3,0.09,6,3,0.09,100,0,0,0.0,1.3827484137250212,-43.03524860134369,3.5577353307315707,3,5.20703125,1.1328125,10.9609375
shared-four,cold,16,1048577,True,4,67108864,random,local,2,4,5,True,True,0,0.147083114,28.48828125,26.51171875,28.5546875,141.765625,135.4296875,152.3359375,0,0.0,,,,,,0.136077706,28.0234375,26.16015625,28.19140625,133.0,130.58203125,142.96875,4,0.0,,,,,,11,6,0.17,13,6,0.18,100,1,0,-5.555555555555558,4.645270156572822,-0.08008085912578622,17.233283072702964,4,4.84765625,-1.203125,19.3359375
shared-four,cold,16,1048577,True,4,67108864,random,local,4,4,5,True,True,0,0.257417455,41.1640625,41.06640625,43.32421875,275.42578125,255.40625,284.26953125,0,0.0,,,,,,0.258751918,38.94921875,38.78515625,40.9296875,233.90625,228.1328125,236.61328125,4,0.0,,,,,,25,12,0.36,26,11,0.37,100,0,0,0.0,-1.9758987660797755,-10.589508722223929,1.7899472071521427,2,41.51953125,27.2734375,47.65625
shared-four,subtree-delta,16,1048577,True,4,67108864,random,local,1,4,5,True,False,0,0.008649981,84.66015625,82.8125,87.59375,84.69140625,82.8125,87.6875,0,0.0,,,,,,0.008573928,76.9453125,74.2421875,80.91796875,76.9453125,74.2421875,80.91796875,1,0.0,,,,,,0,0,0.01,1,0,0.01,100,0,2,0.0,8.47036514825139,-36.20717663868112,27.814176528385236,3,10.12890625,1.89453125,10.9609375
shared-four,subtree-delta,16,1048577,True,4,67108864,random,local,2,4,5,True,False,0,0.009877183,152.29296875,139.4453125,164.2734375,152.47265625,139.51171875,164.4453125,0,0.0,,,,,,0.009377842,133.0,130.58203125,142.96875,133.0,130.58203125,142.96875,2,0.0,,,,,,0,0,0.0,1,0,0.01,100,0,3,-50.0,6.256176482707653,-6.456443409987123,15.017897840851745,4,21.890625,1.921875,31.4453125
shared-four,subtree-delta,16,1048577,True,4,67108864,random,local,4,4,5,True,False,0,0.026395222,285.69140625,255.40625,324.6953125,285.91796875,255.40625,325.08984375,0,0.0,,,,,,0.027249762,233.90625,228.1328125,236.61328125,233.90625,228.1328125,236.61328125,4,0.0,,,,,,1,1,0.02,1,1,0.01,100,-1,0,50.0,-6.269188093191991,-59.62544668276446,17.441759024773585,2,52.01171875,27.2734375,88.4765625
shared-four,warm,16,1048577,True,4,67108864,random,local,1,4,5,True,False,0,0.004874731,83.26171875,82.72265625,86.9296875,83.33984375,82.79296875,86.9296875,0,0.0,,,,,,0.00587817,76.9453125,74.2421875,80.91796875,76.9453125,74.2421875,80.91796875,0,0.0,,,,,,0,0,0.0,0,0,0.0,100,0,5,,3.6623158627586583,-53.107990675810136,11.099815747206431,3,8.55078125,1.89453125,10.9609375
shared-four,warm,16,1048577,True,4,67108864,random,local,2,4,5,True,False,0,0.005453952,148.04296875,138.25,158.87109375,148.12890625,138.25,159.0703125,0,0.0,,,,,,0.006517855,133.0,130.58203125,142.96875,133.0,130.58203125,142.96875,0,0.0,,,,,,0,0,0.0,0,0,0.0,100,0,4,0.0,-12.92330071166825,-32.018446965877104,4.825556657600217,1,17.546875,0.66015625,26.0703125
shared-four,warm,16,1048577,True,4,67108864,random,local,4,4,5,True,False,0,0.016154585,278.98046875,255.40625,316.3984375,279.28125,255.40625,316.65234375,0,0.0,,,,,,0.020822437,233.90625,228.1328125,236.61328125,233.90625,228.1328125,236.61328125,0,0.0,,,,,,0,0,0.01,0,1,0.01,100,0,1,0.0,-23.59385276687702,-67.05008175811872,12.892236470652652,2,45.375,27.2734375,80.0390625
shared-four,wide-delta,16,1048577,True,4,67108864,random,local,1,4,5,True,False,0,0.008600468,85.55859375,82.8125,88.09375,85.6015625,82.8125,88.16796875,0,0.0,,,,,,0.00812886,76.9453125,74.2421875,80.91796875,76.9453125,74.2421875,80.91796875,1,0.0,,,,,,0,0,0.0,0,0,0.0,100,0,3,100.0,3.0819242300734073,-62.71384680542125,9.170152135907028,4,10.8984375,1.89453125,11.22265625
shared-four,wide-delta,16,1048577,True,4,67108864,random,local,2,4,5,True,False,0,0.009130867,154.33984375,139.90625,166.00390625,154.4453125,140.00390625,166.1484375,0,0.0,,,,,,0.010386882,133.0,130.58203125,142.96875,133.0,130.58203125,142.96875,2,0.0,,,,,,0,0,0.0,0,1,0.01,100,1,4,100.0,-2.0225685875552957,-44.920980669196034,18.888777236212896,2,22.88671875,2.4140625,33.1484375
shared-four,wide-delta,16,1048577,True,4,67108864,random,local,4,4,5,True,False,0,0.027201601,290.1953125,255.40625,328.91015625,290.4296875,255.40625,329.2265625,0,0.0,,,,,,0.025895151,233.90625,228.1328125,236.61328125,233.90625,228.1328125,236.61328125,4,0.0,,,,,,1,1,0.02,1,1,0.01,100,-1,0,50.0,5.797387586008651,-46.710485974659036,35.26105471025881,3,56.5234375,27.2734375,92.61328125
cpu-boundary,cold,16,1048577,True,4,67108864,random,local,4,1,5,True,True,0,0.535909912,43.0625,41.0546875,43.09375,262.7890625,250.5859375,277.015625,0,0.0,,,,,,0.554851877,40.78125,38.66796875,42.8046875,204.6875,199.71875,229.9296875,1,0.0,,,,,,53,24,0.77,48,23,0.71,100,-15,0,17.441860465116278,5.974933583339348,-198.12004024912738,44.18644806672481,3,56.76171875,46.3671875,68.69140625
cpu-boundary,cold,16,1048577,True,4,67108864,random,local,4,3,5,True,True,0,0.608609523,43.11328125,39.16015625,45.1015625,266.984375,258.64453125,279.34375,0,0.0,,,,,,0.580546279,40.80859375,38.70703125,41.0859375,218.265625,209.90625,232.3671875,3,0.0,,,,,,61,29,0.9,63,24,0.87,100,-18,0,17.14285714285714,20.741502692281166,-184.22205179776472,55.4949983724097,3,52.34765625,26.27734375,58.37109375
cpu-boundary,cold,16,1048577,True,4,67108864,random,local,4,5,5,True,True,0,0.67359215,43.03515625,39.125,43.234375,279.16015625,262.7890625,286.59375,0,0.0,,,,,,0.630496675,40.91796875,40.7890625,42.68359375,225.2890625,217.5390625,235.63671875,5,0.0,,,,,,67,30,0.97,64,27,0.91,100,-7,0,7.14285714285714,6.436657499096976,-18.934623373410474,28.813609073818636,3,54.203125,37.5,66.82421875
cpu-boundary,subtree-delta,16,1048577,True,4,67108864,random,local,4,1,5,True,False,0,0.033440641,268.41015625,250.5859375,277.015625,268.41015625,250.5859375,277.015625,0,0.0,,,,,,0.025592751,204.6875,199.71875,229.9296875,204.6875,199.71875,229.9296875,1,0.0,,,,,,2,1,0.03,1,2,0.03,100,0,0,0.0,2.968496068262072,-199.605875448058,58.72322842136908,3,56.76171875,46.3671875,68.69140625
cpu-boundary,subtree-delta,16,1048577,True,4,67108864,random,local,4,3,5,True,False,0,0.034515867,270.78125,258.64453125,280.5,270.78125,258.64453125,280.80078125,0,0.0,,,,,,0.032609416,218.265625,209.90625,232.3671875,218.265625,209.90625,232.3671875,3,0.0,,,,,,1,3,0.04,1,2,0.02,100,-3,0,60.0,11.626783258897532,-33.657976337295395,29.8867837584026,3,56.34765625,26.27734375,62.53515625
cpu-boundary,subtree-delta,16,1048577,True,4,67108864,random,local,4,5,5,True,False,0,0.035916705,279.16015625,273.625,286.59375,279.16015625,273.8671875,286.59375,0,0.0,,,,,,0.033856685,226.79296875,217.5390625,236.26953125,228.88671875,217.5390625,236.39453125,4,0.0,,,,,,2,2,0.04,2,2,0.04,100,0,0,0.0,9.359104247477202,-64.97084567454637,48.59652160378999,4,54.203125,40.25,66.82421875
cpu-boundary,warm,16,1048577,True,4,67108864,random,local,4,1,5,True,False,0,0.024462172,265.15625,250.5859375,277.015625,265.34765625,250.5859375,277.015625,0,0.0,,,,,,0.022476602,204.6875,199.71875,229.9296875,204.6875,199.71875,229.9296875,0,0.0,,,,,,1,1,0.02,0,1,0.01,100,-1,0,50.0,13.790344777221753,-4.706628540799485,50.404061698047975,3,56.76171875,46.3671875,68.69140625
cpu-boundary,warm,16,1048577,True,4,67108864,random,local,4,3,5,True,False,0,0.024681704,270.78125,258.64453125,279.34375,270.78125,258.64453125,279.34375,0,0.0,,,,,,0.013039157,218.265625,209.90625,232.3671875,218.265625,209.90625,232.3671875,0,0.0,,,,,,1,1,0.01,1,1,0.02,100,0,0,0.0,46.11041219107573,-32.077467665337544,80.05665425352646,3,56.34765625,26.27734375,58.73046875
cpu-boundary,warm,16,1048577,True,4,67108864,random,local,4,5,5,True,False,0,0.024981931,279.16015625,268.08984375,286.59375,279.16015625,268.21875,286.59375,0,0.0,,,,,,0.024361752,226.28515625,217.5390625,235.63671875,226.33984375,217.5390625,235.63671875,0,0.0,,,,,,1,1,0.02,1,1,0.02,100,0,0,0.0,3.786670104189649,-112.63233047024781,68.60409292589435,3,54.203125,41.0078125,66.82421875
cpu-boundary,wide-delta,16,1048577,True,4,67108864,random,local,4,1,5,True,False,0,0.03313193,268.41015625,250.5859375,277.015625,268.41015625,250.5859375,277.015625,0,0.0,,,,,,0.025481932,204.6875,199.71875,229.9296875,204.6875,199.71875,229.9296875,1,0.0,,,,,,2,2,0.04,1,1,0.02,100,-1,0,50.0,24.845888240388092,-154.2794919837112,43.071460511289494,4,56.76171875,46.3671875,68.69140625
cpu-boundary,wide-delta,16,1048577,True,4,67108864,random,local,4,3,5,True,False,0,0.036603629,270.78125,258.64453125,282.97265625,270.78125,258.64453125,283.1171875,0,0.0,,,,,,0.034028629,218.265625,209.90625,232.3671875,218.265625,209.90625,232.3671875,3,0.0,,,,,,2,2,0.04,2,1,0.04,100,0,0,0.0,7.1668124039837355,-44.36470733473574,36.58110859794053,4,56.34765625,26.27734375,64.8515625
cpu-boundary,wide-delta,16,1048577,True,4,67108864,random,local,4,5,5,True,False,0,0.034224708,279.16015625,276.64453125,286.59375,279.16015625,276.64453125,286.59375,0,0.0,,,,,,0.0363077,229.06640625,217.5390625,236.8203125,229.125,217.5390625,238.890625,4,0.0,,,,,,2,1,0.03,2,2,0.04,100,0,0,0.0,-5.327034553900867,-74.31389502258851,3.0466381188701375,1,54.203125,37.75390625,68.375
source-boundary,cold,16,1048575,True,4,67108864,random,local,2,4,5,True,True,0,0.272419149,28.41796875,28.41015625,28.5625,224.38671875,220.69140625,239.140625,0,0.0,,,,,,0.263116458,28.140625,28.05859375,30.0390625,196.1796875,194.31640625,197.7890625,4,0.0,,,,,,47,22,0.69,49,20,0.7,100,1,0,-1.449275362318847,2.3738016725880606,-11.374020013851748,3.414844747202417,3,30.0703125,23.41796875,42.9609375
source-boundary,cold,16,1048576,True,4,67108864,random,local,2,4,5,True,True,0,0.377009863,28.49609375,26.42578125,30.5,147.5625,138.25390625,151.39453125,0,0.0,,,,,,0.32940288,28.09765625,24.19921875,28.1796875,133.8046875,129.3125,143.33984375,4,0.0,,,,,,33,16,0.49,30,15,0.44,100,-6,0,13.636363636363635,14.615504536232027,8.99673346761084,57.56816522227933,5,8.0546875,6.0703125,18.25
source-boundary,subtree-delta,16,1048575,True,4,67108864,random,local,2,4,5,True,False,0,0.030892923,224.38671875,220.69140625,239.140625,224.38671875,220.69140625,239.140625,0,0.0,,,,,,0.03287193,196.1796875,194.31640625,197.7890625,196.1796875,194.31640625,197.7890625,2,0.0,,,,,,1,1,0.02,1,1,0.02,100,0,0,0.0,-6.406020563350379,-118.00393278882541,27.328012744241846,2,30.0703125,23.41796875,42.9609375
source-boundary,subtree-delta,16,1048576,True,4,67108864,random,local,2,4,5,True,False,0,0.033382311,163.24609375,147.41015625,169.83984375,163.43359375,147.5546875,169.9296875,0,0.0,,,,,,0.031196295,133.8046875,129.3125,143.33984375,133.8046875,129.3125,143.33984375,2,0.0,,,,,,1,1,0.02,1,0,0.01,100,-1,0,50.0,10.561857791200957,-13.68546400053039,40.39779630595377,3,21.890625,13.75,34.12109375
source-boundary,warm,16,1048575,True,4,67108864,random,local,2,4,5,True,False,0,0.02276763,224.38671875,220.69140625,239.140625,224.38671875,220.69140625,239.140625,0,0.0,,,,,,0.0256135,196.1796875,194.31640625,197.7890625,196.1796875,194.31640625,197.7890625,0,0.0,,,,,,0,1,0.01,1,0,0.01,100,0,1,0.0,-5.45255796156241,-181.7569380665947,-0.9945567456955295,0,30.0703125,23.41796875,42.9609375
source-boundary,warm,16,1048576,True,4,67108864,random,local,2,4,5,True,False,0,0.023369844,159.9921875,144.9609375,165.46484375,160.08984375,145.0546875,165.62109375,0,0.0,,,,,,0.023928416,133.8046875,129.3125,143.33984375,133.8046875,129.3125,143.33984375,0,0.0,,,,,,1,0,0.01,0,0,0.0,100,-1,1,100.0,-4.263123399768132,-4.666698481383813,10.800974878905622,2,17.3671875,11.25,30.77734375
source-boundary,wide-delta,16,1048575,True,4,67108864,random,local,2,4,5,True,False,0,0.032744851,224.38671875,220.69140625,239.140625,224.38671875,220.69140625,239.140625,0,0.0,,,,,,0.032245591,196.1796875,194.31640625,197.7890625,196.1796875,194.31640625,197.7890625,2,0.0,,,,,,1,1,0.02,1,1,0.02,100,0,0,0.0,-3.926466351309932,-11.2003502474328,65.0587162543905,2,30.0703125,23.41796875,42.9609375
source-boundary,wide-delta,16,1048576,True,4,67108864,random,local,2,4,5,True,False,0,0.032214833,164.7109375,148.359375,171.734375,164.796875,148.40625,171.84765625,0,0.0,,,,,,0.031144498,133.8046875,129.3125,143.33984375,133.8046875,129.3125,143.33984375,2,0.0,,,,,,1,1,0.02,1,1,0.02,100,0,0,0.0,6.5644108724698285,-23.23675254863884,11.028609674125878,3,24.1953125,14.6015625,35.484375
tiny-shared,cold,64,1024,True,1,67108864,random,local,4,4,5,True,True,0,0.088956278,41.296875,39.3671875,43.3046875,72.6171875,71.7578125,74.54296875,0,0.07074737548828125,,,,,,0.096394067,40.98828125,39.07421875,42.80078125,71.6484375,69.4296875,74.26953125,4,0.07074737548828125,,,,,,11,5,0.16,11,5,0.15,100,-1,0,6.25,-11.40942783819514,-13.03628908796921,24.46468931287479,1,1.71484375,-1.65234375,2.89453125
tiny-shared,cold,64,1024,True,4,67108864,random,local,4,4,5,True,True,0,0.077661116,41.3828125,41.21484375,41.421875,73.0703125,72.24609375,74.5234375,0,0.07074737548828125,,,,,,0.102114441,42.9765625,41.09375,43.01171875,74.49609375,72.9140625,76.76171875,4,0.07074737548828125,,,,,,9,5,0.14,13,6,0.19,100,0,0,0.0,-22.047013536758953,-31.487218133718287,8.660789027199645,1,-0.79296875,-2.5078125,-0.4296875
tiny-shared,subtree-delta,64,1024,True,1,67108864,random,local,4,4,5,True,False,0,0.017995222,72.6171875,71.7578125,74.54296875,72.6171875,71.7578125,74.54296875,0,0.0,,,,,,0.01876938,71.6484375,69.4296875,74.26953125,71.6484375,69.4296875,74.26953125,4,0.0,,,,,,2,2,0.04,1,2,0.03,100,-1,0,25.0,7.242783667798058,-5.262024452441327,51.641682179393534,4,1.71484375,-1.65234375,2.89453125
tiny-shared,subtree-delta,64,1024,True,4,67108864,random,local,4,4,5,True,False,0,0.017504597,73.0703125,72.24609375,74.5234375,73.0703125,72.24609375,74.5234375,0,0.0,,,,,,0.022448088,74.49609375,72.9140625,76.76171875,74.49609375,72.9140625,76.76171875,4,0.0,,,,,,2,2,0.03,2,3,0.05,100,2,0,-66.66666666666667,-12.238543168620453,-31.87662890774481,18.927792813908127,2,-0.79296875,-2.5078125,-0.4296875
tiny-shared,warm,64,1024,True,1,67108864,random,local,4,4,5,True,False,0,0.010306652,72.6171875,71.7578125,74.54296875,72.6171875,71.7578125,74.54296875,0,0.0,,,,,,0.010686457,71.6484375,69.4296875,74.26953125,71.6484375,69.4296875,74.26953125,0,0.0,,,,,,0,2,0.02,1,1,0.02,100,0,0,0.0,-3.055931923888844,-8.326160307117725,18.555036106778424,1,1.71484375,-1.65234375,2.89453125
tiny-shared,warm,64,1024,True,4,67108864,random,local,4,4,5,True,False,0,0.009639354,73.0703125,72.24609375,74.5234375,73.0703125,72.24609375,74.5234375,0,0.0,,,,,,0.009954578,74.49609375,72.9140625,76.76171875,74.49609375,72.9140625,76.76171875,0,0.0,,,,,,1,1,0.02,1,1,0.02,100,0,0,0.0,-0.8347488422931537,-14.07474348562603,37.13850694505824,2,-0.79296875,-2.5078125,-0.4296875
tiny-shared,wide-delta,64,1024,True,1,67108864,random,local,4,4,5,True,False,0,0.044438735,72.6171875,71.7578125,74.54296875,72.6171875,71.7578125,74.54296875,0,0.039306640625,,,,,,0.039813684,71.6484375,69.4296875,74.26953125,71.6484375,69.4296875,74.26953125,4,0.039306640625,,,,,,5,3,0.08,6,3,0.09,100,0,0,0.0,8.478235720499672,-39.58703882008976,18.694324727180245,4,1.71484375,-1.65234375,2.89453125
tiny-shared,wide-delta,64,1024,True,4,67108864,random,local,4,4,5,True,False,0,0.040508453,73.0703125,72.24609375,74.5234375,73.0703125,72.24609375,74.5234375,0,0.039306640625,,,,,,0.051289047,74.49609375,72.9140625,76.76171875,74.49609375,72.9140625,79.796875,4,0.039306640625,,,,,,4,3,0.08,5,3,0.08,100,0,0,0.0,-5.938930265297415,-33.57857916239946,8.718903969248071,2,-0.79296875,-5.2734375,-0.4296875
serial-large,cold,4,4194304,True,1,67108864,random,local,4,4,5,True,True,0,0.659870877,41.328125,39.2890625,45.24609375,167.45703125,165.9296875,174.3671875,0,0.0,,,,,,0.558207617,41.05859375,38.9765625,42.96484375,165.7265625,163.66796875,170.796875,4,0.0,,,,,,71,23,0.94,56,23,0.84,100,-13,0,10.924369747899155,8.611305872444552,-31.857059938800127,44.20759260546552,4,0.203125,-3.33984375,10.69921875
serial-large,subtree-delta,4,4194304,True,1,67108864,random,local,4,4,5,True,False,0,0.033206801,169.828125,167.453125,177.96875,169.84375,167.453125,178.0390625,0,0.0,,,,,,0.033446072,172.40625,163.80078125,175.91015625,172.546875,163.80078125,175.93359375,4,0.0,,,,,,2,2,0.04,2,2,0.04,100,1,0,-19.999999999999996,-0.7205481792720736,-81.27060625410427,8.341952211348735,2,-4.10546875,-6.08984375,8.51953125
serial-large,warm,4,4194304,True,1,67108864,random,local,4,4,5,True,False,0,0.028382786,169.59765625,167.453125,175.66796875,169.66015625,167.453125,175.78515625,0,0.0,,,,,,0.029449434,171.90625,163.80078125,175.55078125,171.9609375,163.80078125,175.609375,0,0.0,,,,,,1,2,0.03,1,2,0.03,100,0,0,0.0,-0.43540265830799285,-7.584118700258635,11.690060844582007,2,1.74609375,-5.94921875,8.44140625
serial-large,wide-delta,4,4194304,True,1,67108864,random,local,4,4,5,True,False,0,0.032565383,169.94140625,167.453125,178.578125,169.95703125,167.453125,178.63671875,0,0.0,,,,,,0.034997343,173.42578125,163.80078125,175.9921875,173.50390625,163.80078125,178.01171875,4,0.0,,,,,,2,2,0.03,2,2,0.04,100,1,0,-25.0,-1.2545396120444696,-15.251625461071527,42.600712663429064,1,-4.83203125,-8.0546875,8.62109375
clustered-shared,cold,16,1048577,True,4,67108864,clustered,local,4,4,5,True,True,8,0.45497973,41.28125,39.41796875,41.41796875,288.2734375,284.39453125,291.46484375,0,0.0,35548780,45568165,0,45555972,0,0.442256978,41.0625,38.9765625,43.01953125,248.57421875,245.2421875,255.90625,4,0.0,35557242,45721887,0,45695655,0,64,28,0.92,66,27,0.91,100,3,0,-3.409090909090917,4.779413057165415,-14.6573953964938,10.979201358073675,3,37.33203125,35.55859375,42.44921875
clustered-shared,subtree-delta,16,1048577,True,4,67108864,clustered,local,4,4,5,True,False,8,0.032193172,288.2734375,284.39453125,291.46484375,288.2734375,284.39453125,291.46484375,0,0.0,117559,369210,0,366546,0,0.032137336,248.57421875,245.2421875,255.90625,248.57421875,245.2421875,255.90625,4,0.0,117313,369140,0,366548,0,2,2,0.04,1,2,0.03,100,-1,0,25.0,-0.4062228340397711,-92.790142771915,0.3443245667124617,1,37.33203125,35.55859375,42.44921875
clustered-shared,warm,16,1048577,True,4,67108864,clustered,local,4,4,5,True,False,8,0.024445019,288.2734375,284.39453125,291.46484375,288.2734375,284.39453125,291.46484375,0,0.0,75767,156416,0,154096,0,0.023801057,248.57421875,245.2421875,255.90625,248.57421875,245.2421875,255.90625,0,0.0,75781,156440,0,154096,0,1,1,0.02,1,1,0.02,100,0,0,0.0,2.634328081315862,0.6464623115419843,7.013993005282504,5,37.33203125,35.55859375,42.44921875
clustered-shared,wide-delta,16,1048577,True,4,67108864,clustered,local,4,4,5,True,False,8,0.034282217,288.2734375,284.39453125,291.46484375,288.2734375,284.39453125,291.46484375,0,0.0,117313,291612,0,289012,0,0.03295667,248.57421875,245.2421875,255.90625,248.57421875,245.2421875,255.90625,4,0.0,117559,287646,0,284919,0,2,2,0.04,2,2,0.04,100,0,0,0.0,1.6812351509453483,-20.577942443065034,8.209288009428995,3,37.33203125,35.55859375,42.44921875
memory-control,cold,16,1048577,True,4,67108864,random,memory,4,4,5,True,True,0,0.380403173,6.73046875,6.5859375,6.7734375,145.8125,141.25390625,148.125,0,0.0,,,,,,0.368169763,6.50390625,6.4140625,6.609375,105.68359375,103.26171875,106.91015625,4,0.0,,,,,,34,8,0.42,34,8,0.41,100,1,0,-2.499999999999991,-2.231746821129188,-44.06716661082686,53.31706210557818,2,40.12890625,36.19921875,43.0625
memory-control,subtree-delta,16,1048577,True,4,67108864,random,memory,4,4,5,True,False,0,0.001342638,145.8125,141.25390625,148.125,145.8125,141.25390625,148.125,0,0.0,,,,,,0.001259882,105.68359375,103.26171875,106.91015625,105.68359375,103.26171875,106.91015625,4,0.0,,,,,,0,0,0.0,0,0,0.0,100,0,4,100.0,-0.65530481316598,-21.29341700153846,55.557343081307096,2,40.12890625,36.19921875,43.0625
memory-control,warm,16,1048577,True,4,67108864,random,memory,4,4,5,True,False,0,0.000211909,145.8125,141.25390625,148.125,145.8125,141.25390625,148.125,0,0.0,,,,,,0.000240212,105.68359375,103.26171875,106.91015625,105.68359375,103.26171875,106.91015625,0,0.0,,,,,,0,0,0.0,0,0,0.0,100,0,5,,-14.656763044514399,-41.05971542829627,63.8322902751697,2,40.12890625,36.19921875,43.0625
memory-control,wide-delta,16,1048577,True,4,67108864,random,memory,4,4,5,True,False,0,0.001460751,145.8125,141.25390625,148.125,145.8125,141.25390625,148.125,0,0.0,,,,,,0.00156089,105.68359375,103.26171875,106.91015625,105.68359375,103.26171875,106.91015625,4,0.0,,,,,,0,0,0.0,0,0,0.0,100,0,4,0.0,1.7701039804869367,-35.45888382071962,45.814930935575184,3,40.12890625,36.19921875,43.0625
disabled-tiny-repeat,cold,16,1024,True,1,67108864,random,local,1,0,5,True,True,0,0.014993187,22.32421875,22.26171875,22.41015625,24.5078125,24.234375,24.5703125,0,0.0,,,,,,0.015651608,22.3125,22.2734375,22.359375,24.1640625,23.9921875,24.4765625,0,0.0,,,,,,1,0,0.01,1,0,0.01,100,0,2,50.0,-4.391467938070814,-4.897169768097043,0.6513368352167315,1,0.16015625,-0.00390625,0.578125
disabled-tiny-repeat,subtree-delta,16,1024,True,1,67108864,random,local,1,0,5,True,False,0,0.010349281,25.15234375,24.765625,25.26953125,25.33984375,24.890625,25.4375,0,0.0,,,,,,0.011535976,24.71875,24.390625,25.28515625,24.83203125,24.5078125,25.42578125,0,0.0,,,,,,0,0,0.0,1,1,0.02,100,2,3,0.0,-2.3217760457624914,-98.38041889093552,11.71596932365232,1,0.1875,-0.2578125,0.87890625
disabled-tiny-repeat,warm,16,1024,True,1,67108864,random,local,1,0,5,True,False,0,0.005747505,24.97265625,24.5625,25.03125,25.0390625,24.640625,25.1484375,0,0.0,,,,,,0.005550865,24.55859375,24.26953125,25.05078125,24.59765625,24.3125,25.1484375,0,0.0,,,,,,0,0,0.0,0,0,0.0,100,0,3,50.0,-0.5299601153118783,-23.947469380191922,8.225072930993848,2,0.15234375,-0.19140625,0.80078125
disabled-tiny-repeat,wide-delta,16,1024,True,1,67108864,random,local,1,0,5,True,False,0,0.010671138,25.48046875,24.9609375,25.57421875,25.6015625,25.08984375,25.73828125,0,0.0,,,,,,0.012271542,24.9296875,24.58203125,25.5625,24.984375,24.67578125,25.64453125,0,0.0,,,,,,0,1,0.01,0,0,0.0,100,-1,1,100.0,-10.554073878679304,-72.29462312266975,0.42813403520665094,1,0.30859375,-0.32421875,0.92578125
shared-four-repeat,cold,16,1048577,True,4,67108864,random,local,4,4,5,True,True,0,0.687634126,39.4609375,39.3828125,43.32421875,268.22265625,254.5625,273.49609375,0,0.0,,,,,,0.631368706,41.32421875,41.171875,41.41015625,229.35546875,211.03125,252.16015625,4,0.0,,,,,,70,30,1.0,63,26,0.89,100,-8,0,7.9999999999999964,8.182464754519758,-8.749574680000372,26.626101524607005,3,41.390625,4.234375,57.19140625
shared-four-repeat,subtree-delta,16,1048577,True,4,67108864,random,local,4,4,5,True,False,0,0.036425333,272.765625,254.5625,278.69921875,272.765625,254.5625,279.04296875,0,0.0,,,,,,0.032541317,231.375,211.03125,260.125,231.375,211.03125,260.33984375,4,0.0,,,,,,2,2,0.04,1,2,0.03,100,0,0,0.0,9.712232851417147,4.4450375359586625,53.63009859099983,5,41.390625,-3.9453125,68.01171875
shared-four-repeat,warm,16,1048577,True,4,67108864,random,local,4,4,5,True,False,0,0.026228769,272.4609375,254.5625,273.49609375,272.6640625,254.5625,273.49609375,0,0.0,,,,,,0.025467765,231.375,211.03125,258.3671875,231.375,211.03125,258.53515625,0,0.0,,,,,,1,1,0.02,1,1,0.02,100,0,0,0.0,2.9056740201390596,-25.82204218313404,67.33424398660561,3,41.390625,-2.140625,61.6328125
shared-four-repeat,wide-delta,16,1048577,True,4,67108864,random,local,4,4,5,True,False,0,0.036020631,272.765625,254.5625,281.5859375,272.765625,254.5625,281.75390625,0,0.0,,,,,,0.032180989,231.375,211.03125,261.55859375,231.375,211.03125,261.65625,4,0.0,,,,,,2,2,0.04,1,2,0.03,100,0,0,0.0,11.145295590332871,1.0015199059134727,38.47239933137207,5,41.390625,-5.26171875,70.72265625
shared-serial-control,cold,16,1048577,True,1,67108864,random,local,4,4,5,True,True,0,0.671541808,41.6328125,39.4296875,45.34375,253.7734375,249.1015625,271.88671875,0,0.0,,,,,,0.582792359,41.33984375,39.3515625,45.2734375,228.94140625,221.3125,239.4296875,4,0.0,,,,,,60,29,0.89,58,25,0.81,100,-7,0,7.954545454545459,13.215774199422581,-17.940988782961576,35.004943088694304,4,25.66796875,14.34375,50.57421875
shared-serial-control,subtree-delta,16,1048577,True,1,67108864,random,local,4,4,5,True,False,0,0.035093555,253.7734375,249.1015625,271.88671875,253.7734375,249.1015625,271.88671875,0,0.0,,,,,,0.032327615,228.94140625,221.3125,239.4296875,228.94140625,221.3125,239.4296875,4,0.0,,,,,,2,2,0.03,1,1,0.03,100,-1,0,25.0,7.11800914126205,-36.890849426877836,50.75945087381002,4,25.66796875,14.34375,50.57421875
shared-serial-control,warm,16,1048577,True,1,67108864,random,local,4,4,5,True,False,0,0.025345445,253.7734375,249.1015625,271.88671875,253.7734375,249.1015625,271.88671875,0,0.0,,,,,,0.015563131,228.94140625,221.3125,239.4296875,228.94140625,221.3125,239.4296875,0,0.0,,,,,,1,1,0.02,1,1,0.02,100,0,0,0.0,38.59594495184441,-3.926040176587553,63.443923052310325,4,25.66796875,14.34375,50.57421875
shared-serial-control,wide-delta,16,1048577,True,1,67108864,random,local,4,4,5,True,False,0,0.035112019,253.7734375,249.1015625,271.88671875,253.7734375,249.1015625,271.88671875,0,0.0,,,,,,0.033794358,228.94140625,221.3125,239.4296875,228.94140625,221.3125,239.4296875,4,0.0,,,,,,2,2,0.04,1,2,0.03,100,-1,0,25.0,1.2292320614688323,-4.7276290207065585,10.976702286885365,4,25.66796875,14.34375,50.57421875
shared-four-same-binary,cold,16,1048577,True,4,67108864,random,local,4,4,5,True,True,0,0.592328049,41.3828125,41.328125,43.30078125,270.03515625,244.24609375,282.62109375,0,0.0,,,,,,0.628494624,41.33984375,41.24609375,43.4609375,233.02734375,221.46875,236.71484375,4,0.0,,,,,,58,27,0.87,65,27,0.92,100,1,0,-1.0204081632652962,3.649654112530476,-14.937226442177831,5.563692216934624,3,39.453125,7.53125,60.36328125
shared-four-same-binary,subtree-delta,16,1048577,True,4,67108864,random,local,4,4,5,True,False,0,0.034839676,270.03515625,244.24609375,295.171875,270.03515625,244.24609375,297.37890625,0,0.0,,,,,,0.033450981,233.37890625,221.46875,236.71484375,233.47265625,221.46875,236.71484375,4,0.0,,,,,,1,2,0.03,1,2,0.03,100,0,0,0.0,12.868182021234809,-10.207421915733384,23.595980054464338,3,46.0703125,7.53125,75.12109375
shared-four-same-binary,warm,16,1048577,True,4,67108864,random,local,4,4,5,True,False,0,0.025201153,270.03515625,244.24609375,288.6875,270.03515625,244.24609375,288.94921875,0,0.0,,,,,,0.025431407,233.02734375,221.46875,236.71484375,233.02734375,221.46875,236.71484375,0,0.0,,,,,,1,1,0.02,1,1,0.02,100,0,0,0.0,2.340664410401494,-66.03541444566599,49.60917859591583,3,42.59375,7.53125,66.69140625
shared-four-same-binary,wide-delta,16,1048577,True,4,67108864,random,local,4,4,5,True,False,0,0.034511157,270.03515625,244.24609375,301.171875,270.03515625,244.24609375,301.3671875,0,0.0,,,,,,0.034970402,233.55078125,221.46875,236.71484375,233.57421875,221.46875,236.71484375,4,0.0,,,,,,1,2,0.03,2,2,0.04,100,1,0,-33.33333333333333,0.16205070907847618,-6.77104717980177,42.10539040185094,3,48.56640625,7.53125,79.109375
