case,operation,files,file_bytes,packed,decode_workers,max_buffered_bytes,content,pairs,enough_samples,blob_deltas,baseline_wall_median_seconds,baseline_hwm_before_median_mib,baseline_hwm_before_min_mib,baseline_hwm_before_max_mib,baseline_hwm_after_median_mib,baseline_hwm_after_min_mib,baseline_hwm_after_max_mib,baseline_reserved_spill_median_mib,baseline_io_rchar_median_bytes,baseline_io_wchar_median_bytes,baseline_io_read_bytes_median_bytes,baseline_io_write_bytes_median_bytes,baseline_io_cancelled_write_bytes_median_bytes,candidate_wall_median_seconds,candidate_hwm_before_median_mib,candidate_hwm_before_min_mib,candidate_hwm_before_max_mib,candidate_hwm_after_median_mib,candidate_hwm_after_min_mib,candidate_hwm_after_max_mib,candidate_reserved_spill_median_mib,candidate_io_rchar_median_bytes,candidate_io_wchar_median_bytes,candidate_io_read_bytes_median_bytes,candidate_io_write_bytes_median_bytes,candidate_io_cancelled_write_bytes_median_bytes,time_reduction_median_percent,time_reduction_min_percent,time_reduction_max_percent,faster_pairs,paired_hwm_reduction_median_mib,paired_hwm_reduction_min_mib,paired_hwm_reduction_max_mib
small-deltas,cold,16,65536,True,1,67108864,clustered,5,True,8,0.033303793,20.83203125,18.66796875,20.890625,30.1640625,26.765625,32.3203125,,34171,1138714,0,1137618,0,0.040137883,21.02734375,19.08203125,21.06640625,29.3125,27.48046875,30.17578125,0.5625,2331509,2196010,8192,2194658,0,-9.542927566481207,-48.99154433029827,4.982882408729927,2,1.72265625,-3.41015625,4.39453125
small-deltas,cold,16,65536,True,4,67108864,clustered,5,True,8,0.026570876,20.9609375,18.9921875,20.9765625,30.6953125,29.29296875,31.33984375,,34679,1147282,0,1146082,0,0.030109259,21.12890625,21.046875,23.125,29.79296875,29.1953125,32.26171875,0.625,2331510,2195978,0,2194658,0,-15.755997728804495,-73.4042607172271,18.869425525457117,1,0.6171875,-2.96875,2.14453125
small-deltas,subtree-delta,16,65536,True,1,67108864,clustered,5,True,8,0.013446641,30.21875,27.2421875,32.328125,30.4140625,27.51171875,32.5078125,,29302,88764,0,87964,0,0.016855891,29.3125,27.48046875,30.89453125,29.3125,27.48046875,31.0234375,0.0,29302,88764,0,87964,0,-3.9096336705439105,-42.57802805597797,13.410324777777106,2,1.97265625,-3.51171875,4.81640625
small-deltas,subtree-delta,16,65536,True,4,67108864,clustered,5,True,8,0.012697561,30.6953125,29.29296875,31.33984375,30.6953125,29.29296875,31.33984375,,29298,88764,0,87964,0,0.011472603,29.79296875,29.1953125,32.26171875,29.79296875,29.1953125,32.26171875,0.0,29301,88748,0,87964,0,4.840835180866621,-51.27875886925126,23.518450819056802,4,0.78125,-2.96875,2.14453125
small-deltas,warm,16,65536,True,1,67108864,clustered,5,True,8,0.007380588,30.1640625,26.921875,32.3203125,30.1640625,27.0234375,32.3203125,,15378,39410,0,38722,0,0.009539734,29.3125,27.48046875,30.77734375,29.3125,27.48046875,30.84375,0.0,15377,39410,0,38722,0,-6.214842417012201,-53.68451169734454,5.364288048594512,1,1.72265625,-3.8203125,4.546875
small-deltas,warm,16,65536,True,4,67108864,clustered,5,True,8,0.00759411,30.6953125,29.29296875,31.33984375,30.6953125,29.29296875,31.33984375,,15374,39410,0,38722,0,0.00606972,29.79296875,29.1953125,32.26171875,29.79296875,29.1953125,32.26171875,0.0,15377,39410,0,38722,0,3.6229940756699386,-68.55092960202049,22.229231314518316,3,0.6171875,-2.96875,2.14453125
small-deltas,wide-delta,16,65536,True,1,67108864,clustered,5,True,8,0.012658257,30.5078125,27.69921875,32.64453125,30.62890625,27.91796875,32.77734375,,29302,69460,8192,68660,0,0.018071741,29.3125,27.48046875,31.07421875,29.3125,27.48046875,31.09375,0.0,29302,69460,0,68660,0,2.1452142190696244,-172.02163484834833,31.396274003533875,3,2.1875,-3.17578125,5.10546875
small-deltas,wide-delta,16,65536,True,4,67108864,clustered,5,True,8,0.012669889,30.6953125,29.33203125,31.33984375,30.7734375,29.41015625,31.33984375,,29298,69460,0,68660,0,0.011597418,29.79296875,29.21875,32.26171875,29.9140625,29.32421875,32.26171875,0.0,29301,69444,0,68660,0,1.4706993878798036,-33.05379235927424,39.57634857463363,3,0.859375,-2.8515625,2.015625
delta-1m,cold,16,1048576,True,1,67108864,clustered,5,True,8,0.168488829,21.1875,19.0,21.2265625,94.73828125,89.18359375,95.13671875,,8887646,11399922,0,11396426,0,0.208258067,21.1640625,19.32421875,21.40625,77.72265625,71.94921875,82.4765625,9.0,34776968,28167494,0,28160934,0,-21.223775794539847,-44.17441030952909,-11.797885964474819,0,16.6875,11.4609375,22.28515625
delta-1m,cold,16,1048576,True,4,67108864,clustered,5,True,8,0.12940493,21.203125,21.1875,21.2265625,98.69921875,96.55859375,101.109375,,8886366,11378382,0,11375254,0,0.173142342,21.328125,19.44140625,23.390625,79.73046875,74.37890625,84.0078125,10.0,34776966,28165686,0,28160934,0,-35.875011269002634,-47.60147546156086,-1.6092855497479297,0,21.03515625,14.69140625,22.1796875
delta-1m,subtree-delta,16,1048576,True,1,67108864,clustered,5,True,8,0.025721445,94.73828125,89.18359375,95.13671875,94.73828125,89.18359375,95.13671875,,29301,90599,0,89799,0,0.025169727,77.72265625,71.94921875,85.3203125,77.72265625,71.94921875,85.39453125,0.0,29304,90599,0,89799,0,2.6776415118364594,-12.551680900618711,12.00379349459767,4,13.984375,9.7421875,22.28515625
delta-1m,subtree-delta,16,1048576,True,4,67108864,clustered,5,True,8,0.025893119,98.69921875,96.55859375,101.109375,98.69921875,96.55859375,101.109375,,29301,90599,0,89799,0,0.024944964,79.73046875,75.671875,84.0078125,79.73046875,75.734375,84.0078125,0.0,29301,90599,0,89799,0,3.0856644317736603,-37.82283136048876,51.74985678627593,4,20.82421875,14.69140625,21.2890625
delta-1m,warm,16,1048576,True,1,67108864,clustered,5,True,8,0.015065741,94.73828125,89.18359375,95.13671875,94.73828125,89.18359375,95.13671875,,19047,39410,0,38722,0,0.012007982,77.72265625,71.94921875,83.1171875,77.72265625,71.94921875,83.1953125,0.0,19047,39410,0,38722,0,20.296107572803756,-52.92434744448917,47.45393300807381,3,15.5625,11.4609375,22.28515625
delta-1m,warm,16,1048576,True,4,67108864,clustered,5,True,8,0.018518772,98.69921875,96.55859375,101.109375,98.69921875,96.55859375,101.109375,,19047,39410,0,38722,0,0.012538942,79.73046875,74.62890625,84.0078125,79.73046875,74.640625,84.0078125,0.0,19047,39410,0,38722,0,27.725426481526938,-103.24381592409284,49.63201953187378,3,20.93359375,14.69140625,21.91796875
delta-1m,wide-delta,16,1048576,True,1,67108864,clustered,5,True,8,0.025104744,94.73828125,89.18359375,95.13671875,94.73828125,89.18359375,95.13671875,,29304,71279,0,70495,0,0.026537582,77.72265625,71.94921875,86.109375,77.72265625,71.94921875,86.19140625,0.0,29304,71295,0,70495,0,3.682575334329763,-169.65367583596546,26.50307447867223,3,13.1484375,8.9453125,22.28515625
delta-1m,wide-delta,16,1048576,True,4,67108864,clustered,5,True,8,0.025330169,98.69921875,96.55859375,101.109375,98.69921875,96.55859375,101.109375,,29301,71295,0,70495,0,0.025616417,79.73046875,75.9921875,84.0078125,79.73046875,76.0625,84.03125,0.0,29301,71295,0,70495,0,0.06349511340908442,-97.80313174407314,54.64632312559778,3,20.49609375,14.69140625,21.2890625
delta-16m,cold,16,16777216,True,1,67108864,clustered,5,True,8,1.867540697,21.32421875,21.18359375,23.2890625,394.0703125,390.5390625,396.328125,,134795289,139527127,0,139498863,0,2.365098136,21.3515625,19.3125,23.3203125,131.078125,128.46875,138.92578125,64.0,538297365,408548727,0,408470300,0,-28.010164752269915,-62.62644964995003,4.709306723334961,1,262.640625,255.14453125,267.37109375
delta-16m,cold,16,16777216,True,4,67108864,clustered,5,True,8,1.419822797,21.29296875,21.2421875,21.3203125,437.80859375,425.671875,445.29296875,,134801939,139631161,0,139606049,0,1.819179756,21.40234375,21.33984375,21.4765625,134.89453125,128.55859375,137.28515625,96.0,538301724,408588819,0,408544891,0,-26.335984940520717,-48.75330303529852,-16.29505507124054,0,302.59375,297.11328125,312.84765625
delta-16m,subtree-delta,16,16777216,True,1,67108864,clustered,5,True,8,0.025849286,394.0703125,390.5390625,396.328125,394.0703125,390.5390625,396.328125,,29307,113472,0,116760,0,0.02220426,213.78515625,191.28125,231.01953125,213.890625,191.34765625,231.09765625,0.0,29309,113465,0,116761,0,13.411780900407166,1.9850364395642583,42.11076468417735,5,180.1796875,165.23046875,199.19140625
delta-16m,subtree-delta,16,16777216,True,4,67108864,clustered,5,True,8,0.026057378,437.80859375,425.671875,445.29296875,437.80859375,425.671875,445.29296875,,29307,113472,0,116760,0,0.026060764,232.703125,208.33203125,244.5625,232.78125,208.3671875,244.625,0.0,29309,113465,0,116760,0,3.2896543327447847,-21.991525726444983,52.19207013077064,3,203.22265625,198.71484375,229.81640625
delta-16m,warm,16,16777216,True,1,67108864,clustered,5,True,8,0.03261568,394.0703125,390.5390625,396.328125,394.0703125,390.5390625,396.328125,,679612,45458,0,38722,0,0.028163705,182.26171875,178.44140625,203.390625,182.36328125,178.51171875,203.47265625,0.0,682685,45458,0,38722,0,14.54118095287339,-0.947614595671209,25.604767400219774,4,212.02734375,192.85546875,214.4921875
delta-16m,warm,16,16777216,True,4,67108864,clustered,5,True,8,0.032295056,437.80859375,425.671875,445.29296875,437.80859375,425.671875,445.29296875,,682681,45458,0,38722,0,0.031510628,193.94140625,183.46875,213.68359375,194.00390625,183.52734375,213.76171875,0.0,676543,45458,0,38722,0,2.2662118373621754,-17.90534617865569,30.501241428409354,3,233.078125,228.68359375,261.765625
delta-16m,wide-delta,16,16777216,True,1,67108864,clustered,5,True,8,0.028287197,394.0703125,390.5390625,396.328125,394.0703125,390.5390625,396.328125,,29307,94168,0,93360,0,0.023191941,230.02734375,201.91015625,251.04296875,230.09765625,201.95703125,251.0625,0.0,29309,94161,0,93361,0,18.330221972859306,-108.63415332475195,27.573644392315998,3,163.97265625,145.265625,188.58203125
delta-16m,wide-delta,16,16777216,True,4,67108864,clustered,5,True,8,0.026324912,437.80859375,425.671875,446.0625,437.80859375,425.671875,446.12890625,,29307,94168,0,93360,0,0.026398791,241.28515625,221.30078125,259.3984375,241.34765625,221.37109375,259.4765625,0.0,29309,94161,0,93361,0,-14.77970266260671,-28.74334225807098,5.028854151154549,2,192.83203125,183.86328125,207.6171875
dense-deltas,cold,64,1048576,True,1,67108864,clustered,5,True,45,0.556542761,21.546875,19.578125,23.53515625,208.5390625,184.640625,220.70703125,,21153235,28614680,0,28606817,0,0.706326802,21.65625,19.59375,23.625,142.84375,136.96875,144.94921875,13.062889099121094,169735399,122975828,0,122953252,0,-27.926645334625057,-37.4833686005954,-19.148792369152723,0,70.265625,41.796875,77.03515625
dense-deltas,cold,64,1048576,True,4,67108864,clustered,5,True,45,0.370065801,21.53515625,21.50390625,21.57421875,194.390625,183.0,219.87109375,,21151693,28588932,0,28585657,0,0.555610134,21.56640625,19.6171875,21.6484375,128.27734375,123.66015625,130.3203125,14.062889099121094,169735146,122963700,0,122957484,0,-51.02959982912112,-111.42653897921248,14.161033923302513,2,66.11328125,55.59375,96.2109375
dense-deltas,subtree-delta,64,1048576,True,1,67108864,clustered,5,True,45,0.012060505,208.5390625,184.640625,220.70703125,208.5390625,184.640625,220.70703125,,29306,74518,0,73719,0,0.01294975,152.55078125,147.4375,155.0625,152.55078125,147.4375,155.0625,0.0,29306,74526,0,73718,0,-7.215811935952021,-13.419683753014722,5.839256728005882,2,58.99609375,32.08984375,65.9921875
dense-deltas,subtree-delta,64,1048576,True,4,67108864,clustered,5,True,45,0.011098534,194.390625,183.0,219.87109375,194.390625,183.0,219.87109375,,29306,74518,0,73718,0,0.011050443,132.86328125,128.2578125,133.71875,132.86328125,128.2578125,133.71875,0.0,29306,74518,0,73718,0,2.0773002405588215,-6.061629548730774,20.470073661305076,4,61.0078125,50.13671875,91.61328125
dense-deltas,warm,64,1048576,True,1,67108864,clustered,5,True,45,0.007087158,208.5390625,184.640625,220.70703125,208.5390625,184.640625,220.70703125,,28092,39410,0,38722,0,0.006768258,150.96875,146.44140625,154.17578125,150.96875,146.44140625,154.17578125,0.0,28090,39410,0,38722,0,2.6038334312791567,1.2926815034209005,12.824774049061693,5,60.05078125,33.671875,67.50390625
dense-deltas,warm,64,1048576,True,4,67108864,clustered,5,True,45,0.006681985,194.390625,183.0,219.87109375,194.390625,183.0,219.87109375,,28090,39410,0,38722,0,0.006233781,131.73828125,127.23046875,133.04296875,131.73828125,127.23046875,133.04296875,0.0,28090,39410,0,38722,0,9.839223542942577,-14.091678607452906,27.841487222733964,4,61.3671875,51.26171875,92.640625
dense-deltas,wide-delta,64,1048576,True,1,67108864,clustered,5,True,45,0.019002621,208.5390625,184.640625,220.70703125,208.5390625,184.640625,220.70703125,,29306,126392,0,125504,0,0.018659795,153.0390625,147.7265625,155.29296875,153.41015625,147.7421875,155.48828125,0.039306640625,29306,126391,0,125503,0,-2.4119462257337965,-13.453019329393667,11.966670082742958,2,58.4765625,31.23046875,65.609375
dense-deltas,wide-delta,64,1048576,True,4,67108864,clustered,5,True,45,0.017089337,194.390625,183.0,219.87109375,194.390625,183.0,219.87109375,,29306,126391,0,125503,0,0.017180068,133.22265625,128.63671875,134.36328125,133.40234375,128.63671875,134.36328125,0.039306640625,29306,126391,0,125503,0,7.189349444680849,-8.083063725643669,10.405657022768033,4,60.265625,49.59765625,91.234375
compressible-deltas,cold,16,16777216,True,1,67108864,repeated,5,True,15,1.894270144,21.51171875,19.578125,21.54296875,244.921875,242.109375,245.17578125,,75639,1426932,0,1414108,0,2.636291625,21.66015625,21.5546875,21.72265625,33.9765625,33.55078125,35.078125,80.0,503861728,504798588,0,504722124,0,-56.36958041221332,-83.0839225782639,-16.921373878787627,0,210.015625,208.2578125,211.19921875
compressible-deltas,cold,16,16777216,True,4,67108864,repeated,5,True,15,1.084348838,21.5546875,21.515625,21.5703125,284.35546875,266.5546875,285.35546875,,77428,1456964,0,1447964,0,1.873826519,21.62890625,21.5546875,21.6875,34.3046875,32.83984375,35.26953125,128.0,503865824,504835636,0,504789836,0,-72.32386569022997,-79.63162185402213,-44.995745741310465,0,249.49609375,232.25,251.7890625
compressible-deltas,subtree-delta,16,16777216,True,1,67108864,repeated,5,True,15,0.02506561,244.921875,242.109375,245.17578125,244.921875,242.109375,245.17578125,,29303,89332,0,88532,0,0.026992379,33.9765625,33.55078125,35.078125,33.9765625,33.55078125,35.078125,0.0,29306,89332,0,88532,0,-2.796107599605091,-95.81686012305704,54.388690321121246,1,210.015625,208.2578125,211.19921875
compressible-deltas,subtree-delta,16,16777216,True,4,67108864,repeated,5,True,15,0.026264609,284.35546875,266.5546875,285.35546875,284.35546875,266.5546875,285.35546875,,29303,89332,0,88532,0,0.014338826,35.453125,33.56640625,38.90625,35.48828125,33.56640625,38.91796875,0.0,29306,89316,0,88532,0,46.46914027922517,-13.399490536887914,53.27211548467985,3,246.33984375,232.25,251.7890625
compressible-deltas,warm,16,16777216,True,1,67108864,repeated,5,True,15,0.026247706,244.921875,242.109375,245.17578125,244.921875,242.109375,245.17578125,,208848,42098,0,38722,0,0.025441017,33.9765625,33.55078125,35.078125,33.9765625,33.55078125,35.078125,0.0,208852,42098,0,38722,0,5.356418576160515,-2.2023054217322313,53.644620861811674,3,210.015625,208.2578125,211.19921875
compressible-deltas,warm,16,16777216,True,4,67108864,repeated,5,True,15,0.027278397,284.35546875,266.5546875,285.35546875,284.35546875,266.5546875,285.35546875,,208848,42098,0,38722,0,0.013589585,34.953125,33.56640625,36.84375,34.953125,33.56640625,36.89453125,0.0,208852,42098,0,38722,0,51.77191457611878,-13.74413555360432,81.23639431226167,3,248.96875,232.25,251.7890625
compressible-deltas,wide-delta,16,16777216,True,1,67108864,repeated,5,True,15,0.025563597,244.921875,242.109375,245.17578125,244.921875,242.109375,245.17578125,,29303,70028,0,69228,0,0.0263827,33.9765625,33.55078125,35.078125,33.9765625,33.55078125,35.078125,0.0,29306,70020,0,69228,0,-9.958907376175507,-93.77482394039043,29.880526498431625,2,210.015625,208.2578125,211.19921875
compressible-deltas,wide-delta,16,16777216,True,4,67108864,repeated,5,True,15,0.026441371,284.35546875,266.5546875,285.35546875,284.35546875,266.5546875,285.35546875,,29303,70028,0,69228,0,0.014958814,35.52734375,33.56640625,39.08203125,35.52734375,33.56640625,39.08984375,0.0,29306,70028,0,69228,0,42.39526833571895,1.8962684614557967,57.11208127650323,5,246.2578125,232.25,251.7890625
ordinary-controls,cold,4,16777216,False,1,67108864,random,5,True,0,0.570585039,21.546875,19.546875,21.5546875,112.68359375,110.4375,115.1328125,,70859236,68272848,0,68255472,0,0.818805891,21.609375,21.57421875,21.6328125,110.6328125,109.96875,111.2265625,0.0,70861284,68315352,0,68289328,0,-43.987190231152184,-49.92627301739812,-36.87030959509494,0,2.48828125,-0.01171875,4.5
ordinary-controls,cold,4,16777216,False,4,67108864,random,5,True,0,0.569749536,21.4921875,19.60546875,21.5546875,114.37890625,112.1640625,115.69921875,,70860009,68284552,0,68268168,0,0.551711181,21.61328125,21.56640625,23.625,115.70703125,110.57421875,120.13671875,0.0,70859241,68271769,0,68255473,0,3.166014864468436,-2.1947549872122885,7.874473484307664,3,-2.578125,-4.4375,3.8046875
ordinary-controls,cold,4,16777216,True,1,67108864,random,5,True,0,0.520044168,21.5234375,19.5859375,23.56640625,111.0078125,108.83984375,116.94140625,,67391901,68271816,0,68251240,0,0.540436616,21.6640625,21.56640625,21.71484375,110.94921875,110.56640625,111.7421875,0.0,67392478,68283768,0,68259704,0,-6.467694065645824,-9.95889976610773,-2.7374544079109997,0,0.015625,-2.90234375,5.9921875
ordinary-controls,cold,4,16777216,True,4,67108864,random,5,True,0,0.488982044,21.55078125,19.59765625,23.5546875,112.52734375,111.89453125,122.5390625,,67391901,68267152,0,68251240,0,0.542787574,21.59375,21.5546875,21.671875,115.65234375,112.1875,117.1328125,0.0,67392478,68275656,0,68259705,0,-32.720208848206326,-64.185776932128,7.344628520394814,1,-1.875,-4.60546875,6.88671875
ordinary-controls,subtree-delta,4,16777216,False,1,67108864,random,5,True,0,0.025596299,114.9140625,111.796875,115.72265625,114.91796875,111.80859375,115.7265625,,29305,79856,0,79072,0,0.026298973,111.61328125,110.61328125,113.4140625,111.65625,110.640625,113.4140625,0.0,29305,79848,0,79072,0,-2.7452171894069455,-71.04508349284191,59.651404491542046,2,2.07421875,0.15234375,4.98828125
ordinary-controls,subtree-delta,4,16777216,False,4,67108864,random,5,True,0,0.024978326,116.17578125,112.1640625,116.75390625,116.1796875,112.1640625,116.78125,,29305,79864,0,79072,0,0.026604839,116.23046875,111.0078125,121.85546875,116.2578125,111.046875,121.86328125,0.0,29305,79856,0,79072,0,-6.511697381161574,-17.540745562966364,1.1480970711480687,1,-0.9921875,-6.1640625,5.1328125
ordinary-controls,subtree-delta,4,16777216,True,1,67108864,random,5,True,0,0.026754862,111.5390625,108.83984375,116.9609375,111.54296875,108.83984375,116.96484375,,29306,79864,0,79072,0,0.025416761,111.09765625,110.796875,112.46875,111.1015625,110.796875,112.5,0.0,29306,79864,0,79072,0,6.712921935459814,-154.91370456093213,7.655537262462686,4,-0.4609375,-3.21875,6.015625
ordinary-controls,subtree-delta,4,16777216,True,4,67108864,random,5,True,0,0.02445482,113.30859375,111.89453125,123.734375,113.3515625,111.89453125,123.73828125,,29306,79865,0,79073,0,0.024287595,115.65234375,112.375,118.046875,115.65234375,112.37890625,118.05078125,0.0,29306,79864,0,79073,0,-2.7398507040037545,-58.51074489753947,35.89498103032448,2,-3.578125,-4.69921875,8.0859375
ordinary-controls,warm,4,16777216,False,1,67108864,random,5,True,0,0.02552212,113.4453125,111.71875,115.57421875,114.8359375,111.75390625,115.59765625,,321975,42002,0,38722,0,0.027021053,111.08984375,110.6015625,113.3515625,111.11328125,110.61328125,113.3671875,0.0,321975,42002,0,38722,0,-2.535954822987163,-95.57315277507234,46.24808141125284,2,2.0859375,0.640625,4.8828125
ordinary-controls,warm,4,16777216,False,4,67108864,random,5,True,0,0.025651443,115.69921875,112.1640625,116.11328125,116.1015625,112.1640625,116.70703125,,321975,42002,0,38722,0,0.026052789,116.1640625,110.92578125,121.76953125,116.19140625,110.94140625,121.828125,0.0,321975,42002,0,38722,0,0.4731549195277518,-97.93247537429927,1.7534872900775822,3,-0.98046875,-6.12890625,5.16015625
ordinary-controls,warm,4,16777216,True,1,67108864,random,5,True,0,0.025607701,111.5078125,108.83984375,116.94140625,111.53515625,108.83984375,116.94140625,,321976,42002,0,38722,0,0.025255007,111.05859375,110.796875,112.40234375,111.05859375,110.796875,112.4296875,0.0,321976,42002,0,38722,0,8.980272997836858,-9.985336149687374,61.69324188292526,3,-0.4921875,-3.1796875,5.9921875
ordinary-controls,warm,4,16777216,True,4,67108864,random,5,True,0,0.025485731,113.234375,111.89453125,123.64453125,113.26171875,111.89453125,123.703125,,321979,42002,0,38722,0,0.0260372,115.65234375,112.34375,117.94921875,115.65234375,112.37109375,117.9765625,0.0,321976,42002,0,38722,0,5.989499881745486,-122.6466417060124,35.8970453081211,3,-3.47265625,-4.71484375,8.05078125
ordinary-controls,wide-delta,4,16777216,False,1,67108864,random,5,True,0,0.025844807,115.00390625,111.81640625,115.7265625,115.01171875,111.8203125,115.73046875,,29305,80854,0,80077,0,0.026066725,111.7421875,110.7734375,113.4765625,111.76171875,110.7734375,113.48046875,0.0,29305,80869,0,80077,0,-4.726446593313693,-59.4355143575136,5.955175489352249,2,2.03125,0.05859375,4.95703125
ordinary-controls,wide-delta,4,16777216,False,4,67108864,random,5,True,0,0.025552817,116.22265625,112.1640625,116.88671875,116.23046875,112.1640625,116.91796875,,29305,80862,0,80077,0,0.02577195,116.30078125,111.25390625,121.9921875,116.31640625,111.25390625,121.99609375,0.0,29305,80870,0,80077,0,-0.8575688543458915,-11.909738856212538,9.32971139511526,2,-0.94921875,-6.296875,4.9765625
ordinary-controls,wide-delta,4,16777216,True,1,67108864,random,5,True,0,0.026471016,111.54296875,108.83984375,116.984375,111.546875,108.83984375,116.98828125,,29306,80869,0,80077,0,0.025487244,111.5703125,110.796875,112.515625,111.57421875,110.796875,112.515625,0.0,29306,80869,0,80077,0,1.6152194536091846,-173.72442887929105,13.95606464297714,3,-0.41796875,-3.3828125,6.0390625
ordinary-controls,wide-delta,4,16777216,True,4,67108864,random,5,True,0,0.025194853,113.40234375,111.89453125,123.77734375,113.40625,111.89453125,123.77734375,,29306,80878,0,80078,0,0.024193898,115.87890625,112.37890625,118.94921875,115.8828125,112.41015625,118.95703125,0.0,29306,80853,0,80077,0,3.972855090680627,-7.1881962367261965,37.94694355465109,3,-3.98828125,-6.48046875,8.125
byte-budget,cold,16,1048576,True,1,1048575,clustered,5,True,8,0.259349653,21.546875,19.55859375,23.4921875,65.11328125,62.40234375,66.5625,,8900697,11618078,0,11612270,0,0.309889572,21.66015625,21.5859375,23.671875,46.76953125,44.40625,48.8984375,2.0,34924100,28414302,0,28406414,0,-31.03096194575525,-59.991839015573255,9.011068020301394,1,19.0703125,13.50390625,20.2734375
byte-budget,cold,16,1048576,True,1,1048576,clustered,5,True,8,0.230338301,21.55859375,21.53125,23.5234375,64.74609375,63.4609375,70.37890625,,8900697,11618062,0,11612270,0,0.284384394,21.63671875,21.59375,23.640625,46.4921875,44.42578125,49.8125,2.0,34924100,28414262,0,28406414,0,-23.333859462854377,-32.03237065530904,-4.360055241531979,0,20.3203125,13.6484375,23.58203125
byte-budget,cold,16,1048576,True,1,1048577,clustered,5,True,8,0.242462116,21.51953125,17.5859375,23.51953125,63.65234375,60.19921875,65.921875,,8900697,11618086,0,11612270,0,0.341200725,21.59765625,19.65234375,21.67578125,46.62109375,45.3125,47.0234375,2.0,34924356,28418478,0,28410646,0,-26.139687833314106,-57.00754381039423,-9.394141644987798,0,17.21484375,14.88671875,18.8984375
byte-budget,cold,16,1048576,True,4,1048575,clustered,5,True,8,0.309493556,21.5390625,19.578125,23.5625,63.06640625,60.89453125,65.9140625,,8900697,11618030,0,11612270,0,0.275437934,21.6015625,19.55859375,23.61328125,46.359375,45.71875,46.78125,2.0,34924356,28418494,0,28410646,0,-2.5386025788465494,-13.679744135452054,26.81597500247238,2,16.640625,15.05078125,19.5546875
byte-budget,cold,16,1048576,True,4,1048576,clustered,5,True,8,0.213078612,21.5703125,21.52734375,23.5390625,64.0078125,61.22265625,67.8359375,,8900697,11618062,0,11612270,0,0.286521048,21.59765625,21.55859375,21.6953125,46.47265625,44.55859375,46.88671875,2.0,34924356,28418502,0,28410646,0,-31.34455559528424,-57.28122887476588,-20.283569138707968,0,17.86328125,14.4609375,21.36328125
byte-budget,cold,16,1048576,True,4,1048577,clustered,5,True,8,0.242345406,17.60546875,17.5625,19.57421875,58.609375,57.71875,61.73828125,,8900697,11618070,0,11612270,0,0.250557603,17.7578125,17.59765625,19.7265625,43.22265625,41.390625,45.58203125,2.0,34924103,28414294,0,28406414,0,-2.572544518193598,-73.68537161377013,7.5052591708366645,2,16.15625,13.0859375,17.66796875
byte-budget,subtree-delta,16,1048576,True,1,1048575,clustered,5,True,8,0.028504958,65.11328125,62.40234375,66.5625,65.11328125,62.40234375,66.5625,,29301,90583,0,89799,0,0.026664842,46.97265625,45.19921875,48.98046875,46.9921875,45.20703125,48.98828125,0.0,29301,90583,0,89799,0,-2.5503247540305196,-78.04456071363302,31.84494409720423,2,18.26953125,13.421875,20.09375
byte-budget,subtree-delta,16,1048576,True,1,1048576,clustered,5,True,8,0.026908721,64.74609375,63.4609375,70.37890625,64.74609375,63.4609375,70.37890625,,29301,90599,0,89799,0,0.025614353,46.67578125,45.01171875,50.58984375,46.68359375,45.015625,50.59765625,0.0,29301,90583,0,89799,0,11.654532524956196,-14.55803900090884,55.33383610586951,4,19.73046875,12.86328125,23.375
byte-budget,subtree-delta,16,1048576,True,1,1048577,clustered,5,True,8,0.02481113,63.65234375,60.19921875,65.921875,63.65234375,60.19921875,65.921875,,29301,90583,0,89799,0,0.02596818,46.828125,46.0625,47.21875,46.8359375,46.0703125,47.2265625,0.0,29301,90599,0,89799,0,-33.25021487674826,-113.69617285950793,14.959662111108585,1,17.0390625,14.12890625,18.6953125
byte-budget,subtree-delta,16,1048576,True,4,1048575,clustered,5,True,8,0.028809301,63.06640625,60.89453125,65.9140625,63.06640625,60.89453125,65.9140625,,29301,90599,0,89799,0,0.028074366,46.48046875,45.87890625,47.2890625,46.51953125,45.91796875,47.29296875,0.0,29301,90599,0,89799,0,2.365319684207423,-42.62932918109286,16.72750407932493,3,15.91796875,14.9296875,19.39453125
byte-budget,subtree-delta,16,1048576,True,4,1048576,clustered,5,True,8,0.02571861,64.0078125,61.22265625,67.8359375,64.0078125,61.22265625,67.8359375,,29301,90599,0,89799,0,0.026829392,46.91015625,45.359375,47.5546875,46.91796875,45.37109375,47.55859375,0.0,29301,90599,0,89799,0,-1.3518109349918594,-124.15382839528655,53.580360680456685,2,17.58984375,13.6640625,20.91796875
byte-budget,subtree-delta,16,1048576,True,4,1048577,clustered,5,True,8,0.026110498,58.609375,57.71875,61.73828125,58.609375,57.71875,61.73828125,,29301,90583,0,89799,0,0.030374659,43.41796875,42.11328125,45.79296875,43.46484375,42.12109375,45.80859375,0.0,29301,90599,0,89799,0,-14.317855908129772,-119.78663671742136,-2.685011982536678,0,15.9296875,12.5703125,17.42578125
byte-budget,warm,16,1048576,True,1,1048575,clustered,5,True,8,0.022115203,65.11328125,62.40234375,66.5625,65.11328125,62.40234375,66.5625,,19047,39410,0,38722,0,0.021713085,46.9609375,45.15625,48.953125,46.97265625,45.1796875,48.97265625,0.0,19047,39410,0,38722,0,3.8845585093656987,-6.177164692024117,18.79252986077946,3,18.296875,13.43359375,20.125
byte-budget,warm,16,1048576,True,1,1048576,clustered,5,True,8,0.02361112,64.74609375,63.4609375,70.37890625,64.74609375,63.4609375,70.37890625,,19047,39410,0,38722,0,0.013788129,46.66015625,44.98046875,50.51171875,46.67578125,45.0,50.5546875,0.0,19047,39410,0,38722,0,41.603240337603644,-108.0202614261609,57.47517993476619,4,19.74609375,12.90625,23.39453125
byte-budget,warm,16,1048576,True,1,1048577,clustered,5,True,8,0.014247164,63.65234375,60.19921875,65.921875,63.65234375,60.19921875,65.921875,,19047,39410,0,38722,0,0.021111833,46.80078125,46.01171875,47.1875,46.80078125,46.03125,47.21875,0.0,19047,39410,0,38722,0,-48.18270499307793,-174.78219698314655,39.07339222550162,1,17.07421875,14.16796875,18.703125
byte-budget,warm,16,1048576,True,4,1048575,clustered,5,True,8,0.023247045,63.06640625,60.89453125,65.9140625,63.06640625,60.89453125,65.9140625,,19047,39410,0,38722,0,0.022220652,46.4765625,45.859375,47.2890625,46.48046875,45.87109375,47.2890625,0.0,19047,39410,0,38722,0,2.946266934141528,-43.56112365134355,69.9035363002138,3,15.921875,14.9609375,19.43359375
byte-budget,warm,16,1048576,True,4,1048576,clustered,5,True,8,0.020931363,64.0078125,61.22265625,67.8359375,64.0078125,61.22265625,67.8359375,,19047,39410,0,38722,0,0.021362445,46.8984375,45.2421875,47.5078125,46.91015625,45.25,47.51953125,0.0,19047,39410,0,38722,0,-2.05994912379468,-223.09108719974958,-0.0162478663992216,0,17.59375,13.703125,20.92578125
byte-budget,warm,16,1048576,True,4,1048577,clustered,5,True,8,0.010153033,58.609375,57.71875,61.73828125,58.609375,57.71875,61.73828125,,19047,39410,0,38722,0,0.022950145,43.3984375,41.99609375,45.765625,43.41796875,41.99609375,45.7890625,0.0,19047,39410,0,38722,0,-9.726544055478925,-232.35250937878078,37.8331414182152,1,15.94921875,12.63671875,17.47265625
byte-budget,wide-delta,16,1048576,True,1,1048575,clustered,5,True,8,0.030249864,65.11328125,62.40234375,66.5625,65.11328125,62.40234375,66.5625,,29301,71295,0,70495,0,0.027371463,48.46875,45.26953125,48.98828125,48.46875,45.26953125,48.98828125,0.0,29301,71295,0,70495,0,-1.7498801763729643,-109.94944588591169,54.67823590876309,2,18.09375,13.421875,19.515625
byte-budget,wide-delta,16,1048576,True,1,1048576,clustered,5,True,8,0.014344167,64.74609375,63.4609375,70.37890625,64.74609375,63.4609375,70.37890625,,29301,71295,0,70495,0,0.020087694,46.69921875,45.0625,50.63671875,46.70703125,45.0625,50.640625,0.0,29301,71295,0,70495,0,11.009971050181234,-198.72437122090005,49.712366396449035,3,19.68359375,12.8203125,21.37109375
byte-budget,wide-delta,16,1048576,True,1,1048577,clustered,5,True,8,0.025544151,63.65234375,60.19921875,65.921875,63.65234375,60.19921875,65.921875,,29301,71295,0,70495,0,0.026347895,46.86328125,46.1171875,47.2265625,46.86328125,46.12109375,47.2265625,0.0,29301,71295,0,70495,0,-3.146489386161244,-184.40832874060277,45.87663537867953,2,17.0390625,14.078125,18.6953125
byte-budget,wide-delta,16,1048576,True,4,1048575,clustered,5,True,8,0.026980627,63.06640625,60.89453125,65.9140625,63.06640625,60.89453125,65.9140625,,29301,71295,0,70495,0,0.027239324,46.85546875,45.94140625,47.4453125,46.87890625,46.0,47.4453125,0.0,29301,71295,0,70495,0,4.080828437784001,-31.09316177122201,41.453451053036815,3,15.80078125,14.015625,19.3671875
byte-budget,wide-delta,16,1048576,True,4,1048576,clustered,5,True,8,0.026114746,64.0078125,61.22265625,67.8359375,64.0078125,61.22265625,67.8359375,,29301,71279,0,70495,0,0.026270259,46.93359375,45.421875,47.71484375,46.9375,45.4296875,47.7421875,0.0,29301,71295,0,70495,0,-2.505449257417758,-73.61506537017621,14.02041361085038,2,17.58203125,13.48046875,20.8984375
byte-budget,wide-delta,16,1048576,True,4,1048577,clustered,5,True,8,0.027506788,58.609375,57.71875,61.73828125,58.609375,57.71875,61.73828125,,29301,71279,0,70495,0,0.028744399,43.53125,42.1796875,45.8203125,43.53515625,42.19140625,45.8203125,0.0,29301,71295,0,70495,0,-9.175219907995814,-130.1571410818709,42.034744296571446,2,15.91796875,12.5390625,17.35546875
tiny-deltas,cold,16,1024,True,1,67108864,clustered,5,True,8,0.01817387,19.61328125,15.703125,23.5625,21.48046875,18.02734375,25.68359375,,33652,93046,0,92038,0,0.026243839,21.5859375,15.7421875,23.6328125,24.2578125,18.4375,26.7265625,0.0087890625,119272,118150,0,116886,0,-26.569148702412136,-151.89386190173036,-7.266755802797076,0,1.265625,-5.24609375,2.671875
tiny-deltas,cold,16,1024,True,4,67108864,clustered,5,True,8,0.030864031,21.53515625,19.609375,21.5546875,23.84765625,21.55078125,23.91796875,,33908,97358,0,96270,0,0.026940371,21.57421875,21.56640625,21.66015625,24.4296875,24.35546875,24.62109375,0.0087890625,119273,118126,0,116886,0,6.502966029327284,-15.079716167947765,23.85801607850323,4,-0.703125,-2.81640625,-0.56640625
tiny-deltas,subtree-delta,16,1024,True,1,67108864,clustered,5,True,8,0.014335861,22.0859375,18.98046875,26.4765625,24.15625,19.14453125,26.6640625,,29297,88732,0,87932,0,0.015786813,24.55859375,18.97265625,27.484375,24.65625,19.11328125,27.63671875,0.0,29297,88732,0,87932,0,-5.576772309761502,-45.616739552710975,15.378194588717985,2,1.69140625,-5.44921875,2.49609375
tiny-deltas,subtree-delta,16,1024,True,4,67108864,clustered,5,True,8,0.018255904,24.453125,21.88671875,24.58984375,24.65234375,22.13671875,24.77734375,,29298,88732,0,87932,0,0.015337888,24.8203125,24.70703125,25.1796875,25.12109375,24.84765625,25.26953125,0.0,29297,88732,0,87932,0,13.866531686638483,-20.5158506530271,34.534538149062165,4,-0.5390625,-2.984375,-0.3515625
tiny-deltas,warm,16,1024,True,1,67108864,clustered,5,True,8,0.006757026,21.91796875,18.62109375,26.17578125,22.00390625,18.74609375,26.296875,,15307,39410,0,38722,0,0.00856413,24.4375,18.83203125,27.21875,24.48046875,18.8828125,27.3359375,0.0,15308,39410,0,38722,0,-18.735453247183308,-72.24190050474868,18.86073079071393,1,1.57421875,-5.33203125,2.51953125
tiny-deltas,warm,16,1024,True,4,67108864,clustered,5,True,8,0.009179319,24.23828125,21.765625,24.3671875,24.31640625,21.80859375,24.4453125,,15307,39410,0,38722,0,0.008325481,24.67578125,24.61328125,24.9921875,24.73828125,24.671875,25.06640625,0.0,15308,39410,0,38722,0,21.44103430251546,-60.91187584301796,35.08754722059378,3,-0.625,-2.91015625,-0.421875
tiny-deltas,wide-delta,16,1024,True,1,67108864,clustered,5,True,8,0.012868598,24.2421875,19.375,26.8359375,24.33984375,19.58203125,26.98046875,,29297,69428,0,68628,0,0.014955217,24.703125,19.25,27.765625,24.7734375,19.359375,27.875,0.0,29297,69428,0,68628,0,-2.3823874787811006,-62.192979540381856,18.073137741243162,2,1.87109375,-5.41015625,2.36328125
tiny-deltas,wide-delta,16,1024,True,4,67108864,clustered,5,True,8,0.017417475,24.75,22.23828125,24.9375,24.890625,22.46484375,25.09765625,,29297,69436,0,68628,0,0.015757569,25.09375,24.9140625,25.3671875,25.25390625,25.08984375,25.51171875,0.0,29297,69428,0,68628,0,18.111440002985113,5.226623666006502,26.546838735235735,5,-0.4140625,-2.7890625,-0.2421875
disabled-control,cold,16,1048576,True,1,67108864,clustered,5,True,8,0.176606911,21.5234375,19.59375,21.6015625,94.01953125,93.71875,95.28125,,8887646,11399938,0,11396426,0,0.299877144,21.62109375,21.57421875,21.6796875,98.48828125,92.98046875,101.53515625,0.0,8887902,11404818,0,11400658,0,-70.56058693603346,-204.6415154161209,25.277629759030052,2,-4.46875,-7.69921875,2.30078125
disabled-control,cold,16,1048576,True,4,67108864,clustered,5,True,8,0.159566716,21.48828125,19.640625,21.55078125,97.70703125,94.9296875,102.5625,,8886366,11378366,0,11375254,0,0.140345434,21.609375,15.75,23.6015625,94.8828125,93.61328125,100.55859375,0.0,8887646,11399606,0,11396414,0,-4.051036206327185,-101.28592693670116,52.07318714527577,1,2.00390625,-2.5234375,7.8359375
disabled-control,subtree-delta,16,1048576,True,1,67108864,clustered,5,True,8,0.026318029,94.01953125,93.71875,95.28125,94.01953125,93.71875,95.28125,,29301,90583,0,89799,0,0.019097238,98.48828125,92.98046875,101.53515625,98.48828125,92.98046875,101.53515625,0.0,29301,90599,0,89799,0,-9.277271078596105,-25.723616150194275,49.50616050551735,2,-4.46875,-7.69921875,2.30078125
disabled-control,subtree-delta,16,1048576,True,4,67108864,clustered,5,True,8,0.014217939,97.70703125,94.9296875,102.5625,97.70703125,94.9296875,102.5625,,29301,90599,0,89799,0,0.013516377,94.8828125,93.61328125,100.55859375,94.8828125,93.61328125,100.55859375,0.0,29301,90599,0,89799,0,-4.096541558727251,-135.6206460914528,64.24862835446416,2,2.00390625,-2.5234375,7.8359375
disabled-control,warm,16,1048576,True,1,67108864,clustered,5,True,8,0.02143385,94.01953125,93.71875,95.28125,94.01953125,93.71875,95.28125,,19047,39410,0,38722,0,0.022573827,98.48828125,92.98046875,101.53515625,98.48828125,92.98046875,101.53515625,0.0,19047,39410,0,38722,0,-10.135188032014764,-108.91881029753976,69.62498445548961,2,-4.46875,-7.69921875,2.30078125
disabled-control,warm,16,1048576,True,4,67108864,clustered,5,True,8,0.0132525,97.70703125,94.9296875,102.5625,97.70703125,94.9296875,102.5625,,19047,39410,0,38722,0,0.00797482,94.8828125,93.61328125,100.55859375,94.8828125,93.61328125,100.55859375,0.0,19047,39410,0,38722,0,29.106135763605646,-24.491937370307483,67.58432006586852,4,2.00390625,-2.5234375,7.8359375
disabled-control,wide-delta,16,1048576,True,1,67108864,clustered,5,True,8,0.027262206,94.01953125,93.71875,95.28125,94.01953125,93.71875,95.28125,,29301,71295,0,70495,0,0.027187086,98.48828125,92.98046875,101.53515625,98.48828125,92.98046875,101.53515625,0.0,29301,71295,0,70495,0,-21.821761453690524,-93.50097291101709,48.82477228731966,1,-4.46875,-7.69921875,2.30078125
disabled-control,wide-delta,16,1048576,True,4,67108864,clustered,5,True,8,0.016387144,97.70703125,94.9296875,102.5625,97.70703125,94.9296875,102.5625,,29301,71295,0,70495,0,0.012396047,94.8828125,93.61328125,100.55859375,94.8828125,93.61328125,100.55859375,0.0,29301,71295,0,70495,0,14.189504444039846,-56.73450952388806,85.17401589840408,3,2.00390625,-2.5234375,7.8359375
disabled-repeat,cold,16,1048576,True,1,67108864,clustered,10,True,8,0.1977668045,20.564453125,19.5703125,21.56640625,96.470703125,91.26953125,98.49609375,,8887392.5,11395678.0,0.0,11392193.5,0.0,0.2414242445,21.59765625,19.7109375,21.7265625,97.625,94.4609375,101.83203125,0.0,8887904.5,11404707.5,0.0,11400651.5,0.0,-18.369148334434126,-69.77397641145602,18.761363648979746,2,-2.392578125,-6.5703125,4.03515625
disabled-repeat,cold,16,1048576,True,4,67108864,clustered,10,True,8,0.1818793785,15.671875,15.62890625,21.56640625,94.244140625,89.61328125,100.140625,,8886622.0,11382618.0,0.0,11379486.0,0.0,0.1830296945,15.751953125,15.7109375,21.671875,89.962890625,88.51953125,97.58203125,0.0,8887397.5,11395360.0,0.0,11392194.0,0.0,-5.542646898306769,-45.81273693135086,25.079345539124663,3,4.666015625,-3.796875,9.53125
disabled-repeat,subtree-delta,16,1048576,True,1,67108864,clustered,10,True,8,0.027195557500000002,96.470703125,91.26953125,98.49609375,96.470703125,91.26953125,98.49609375,,29301.0,90598.0,0.0,89798.5,0.0,0.027419645,97.625,94.4609375,101.83203125,97.625,94.4609375,101.83203125,0.0,29301.0,90599.0,0.0,89799.0,0.0,3.1689948826226333,-131.8625469639919,42.38217274484962,7,-2.392578125,-6.5703125,4.03515625
disabled-repeat,subtree-delta,16,1048576,True,4,67108864,clustered,10,True,8,0.0274831595,94.244140625,89.61328125,100.140625,94.244140625,89.61328125,100.140625,,29301.0,90599.0,0.0,89799.0,0.0,0.0270597265,89.962890625,88.51953125,97.58203125,89.962890625,88.51953125,97.58203125,0.0,29301.0,90599.0,0.0,89799.0,0.0,0.3430986633870481,-20.201422997527274,36.21700870586668,5,4.666015625,-3.796875,9.53125
disabled-repeat,warm,16,1048576,True,1,67108864,clustered,10,True,8,0.0213768535,96.470703125,91.26953125,98.49609375,96.470703125,91.26953125,98.49609375,,19046.0,39410.0,0.0,38722.0,0.0,0.022132166,97.625,94.4609375,101.83203125,97.625,94.4609375,101.83203125,0.0,19047.0,39410.0,0.0,38722.0,0.0,-1.013838168951886,-11.22151980504167,54.001777530583894,4,-2.392578125,-6.5703125,4.03515625
disabled-repeat,warm,16,1048576,True,4,67108864,clustered,10,True,8,0.022243667,94.244140625,89.61328125,100.140625,94.244140625,89.61328125,100.140625,,19047.0,39410.0,0.0,38722.0,0.0,0.021353200000000003,89.962890625,88.51953125,97.58203125,89.962890625,88.51953125,97.58203125,0.0,19047.0,39410.0,0.0,38722.0,0.0,1.4816961760678482,-64.16324114042935,66.8201162074834,6,4.666015625,-3.796875,9.53125
disabled-repeat,wide-delta,16,1048576,True,1,67108864,clustered,10,True,8,0.0281105755,96.470703125,91.26953125,98.49609375,96.470703125,91.26953125,98.49609375,,29301.0,71294.5,0.0,70494.5,0.0,0.0279420985,97.625,94.4609375,101.83203125,97.625,94.4609375,101.83203125,0.0,29301.0,71295.0,0.0,70495.0,0.0,2.037824382979947,-112.64100287574266,28.6359653373254,6,-2.392578125,-6.5703125,4.03515625
disabled-repeat,wide-delta,16,1048576,True,4,67108864,clustered,10,True,8,0.027730575,94.244140625,89.61328125,100.140625,94.244140625,89.61328125,100.140625,,29301.0,71295.0,0.0,70495.0,0.0,0.027751294000000003,89.962890625,88.51953125,97.58203125,89.962890625,88.51953125,97.58203125,0.0,29301.0,71295.0,0.0,70495.0,0.0,-0.9369997016897114,-70.18738743858299,36.07530505248327,5,4.666015625,-3.796875,9.53125
