case,operation,files,file_bytes,packed,decode_workers,max_buffered_bytes,content,pairs,baseline_wall_median_seconds,baseline_hwm_before_median_mib,baseline_hwm_before_min_mib,baseline_hwm_before_max_mib,baseline_hwm_after_median_mib,baseline_hwm_after_min_mib,baseline_hwm_after_max_mib,candidate_wall_median_seconds,candidate_hwm_before_median_mib,candidate_hwm_before_min_mib,candidate_hwm_before_max_mib,candidate_hwm_after_median_mib,candidate_hwm_after_min_mib,candidate_hwm_after_max_mib,time_reduction_median_percent,time_reduction_min_percent,time_reduction_max_percent,faster_pairs
initial-16m,cold,1,16777216,False,1,16777216,random,5,0.813954471,20.98046875,18.57421875,21.015625,90.1640625,88.1328125,95.1328125,1.078385253,20.94921875,16.66796875,21.0,51.5546875,50.55078125,58.49609375,10.726532546340117,-32.48717114055879,25.9672512707275,4
initial-16m,cold,1,16777216,True,1,16777216,random,5,0.282971945,20.99609375,19.0234375,21.07421875,107.234375,105.69921875,109.53125,0.283733599,21.05859375,20.984375,23.05078125,53.1484375,52.734375,63.94921875,12.295138541689921,-143.49032207940527,27.3311232891447,3
initial-16m,subtree-delta,1,16777216,False,1,16777216,random,5,0.042113411,91.4296875,88.1328125,97.359375,91.5390625,88.1328125,97.46875,0.08654086,52.6953125,50.84765625,60.75,52.703125,50.87109375,60.75390625,-19.397711177917397,-125.11089938453507,65.57270109894289,2
initial-16m,subtree-delta,1,16777216,True,1,16777216,random,5,0.029074939,107.234375,105.69921875,109.53125,107.234375,105.69921875,109.53125,0.027279799,53.25,52.84765625,66.98046875,53.2734375,52.85546875,67.00390625,11.499975900993075,-35.033954843379014,89.07566495971248,4
initial-16m,warm,1,16777216,False,1,16777216,random,5,0.030587517,90.67578125,88.1328125,95.1328125,90.67578125,88.1328125,95.1328125,0.035880724,52.61328125,50.83984375,60.17578125,52.67578125,50.84765625,60.20703125,-13.562341002401745,-235.27644627054886,83.65418505799644,2
initial-16m,warm,1,16777216,True,1,16777216,random,5,0.023988842,107.234375,105.69921875,109.53125,107.234375,105.69921875,109.53125,0.026915984,53.21484375,52.8203125,66.5390625,53.21875,52.8203125,66.57421875,24.74441242307569,-50.807161527274914,79.15201161574402,3
initial-16m,wide-delta,1,16777216,False,1,16777216,random,5,0.033024426,92.87890625,88.1328125,98.43359375,92.9375,88.1328125,98.51171875,0.044865223,52.98828125,51.0625,60.7578125,52.99609375,51.0625,60.76171875,-51.06658327231306,-87.56658019928408,60.63360706585603,2
initial-16m,wide-delta,1,16777216,True,1,16777216,random,5,0.030095601,107.234375,105.69921875,109.53125,107.234375,105.69921875,109.53125,0.033497296,53.2734375,52.85546875,67.03125,53.28125,52.859375,67.046875,3.345381335213571,-179.06709688236498,91.88425418388361,4
thresholds,cold,4,1048575,False,1,16777216,random,5,0.138302328,21.03125,15.15234375,22.97265625,46.6953125,40.19921875,48.06640625,0.16330707,21.0625,21.00390625,21.1484375,48.546875,45.37109375,49.1328125,-18.760022861825142,-42.35680432056264,-15.004195138902809,0
thresholds,cold,4,1048575,False,4,16777216,random,5,0.084401546,21.12109375,19.18359375,21.1875,46.83203125,43.92578125,47.796875,0.081720526,21.01953125,19.15234375,21.19140625,45.03515625,42.22265625,47.28125,7.803951837564682,-14.780668471001789,18.48899125003912,3
thresholds,cold,4,1048575,True,1,16777216,random,5,0.1029777,21.109375,15.19921875,23.19140625,49.9765625,42.23046875,53.19921875,0.090317857,21.140625,15.27734375,21.21484375,48.609375,44.546875,51.16015625,13.374110617802891,-45.96999223837959,38.17728258711376,3
thresholds,cold,4,1048575,True,4,16777216,random,5,0.072568781,21.1171875,17.19140625,21.21484375,50.9765625,44.8828125,51.88671875,0.058063472,21.1875,21.109375,23.109375,50.47265625,48.50390625,53.64453125,-9.776162105032071,-47.159301566609145,23.564879779364077,2
thresholds,cold,4,1048576,False,1,16777216,random,5,0.120497436,21.11328125,15.23046875,21.19140625,46.11328125,40.5,48.90234375,0.085497268,19.23046875,17.234375,21.16796875,36.99609375,35.75390625,40.0234375,27.05625288159659,4.177698752781822,31.94482435392879,5
thresholds,cold,4,1048576,False,4,16777216,random,5,0.085068422,21.12890625,19.2421875,23.125,47.3984375,43.5546875,50.390625,0.084320101,19.1484375,15.22265625,21.2109375,38.6875,32.84765625,41.0234375,-3.8075152439097426,-24.620220178288953,21.35929481434099,2
thresholds,cold,4,1048576,True,1,16777216,random,5,0.078616961,21.125,15.29296875,23.0859375,49.40234375,43.6015625,53.6796875,0.060073768,19.17578125,15.3203125,21.15625,36.8359375,32.48828125,39.078125,17.56214425431698,10.815932381066261,32.12489580951533,5
thresholds,cold,4,1048576,True,4,16777216,random,5,0.06487469,21.05078125,19.171875,21.20703125,49.90625,46.6484375,52.1484375,0.077900111,21.2109375,15.20703125,23.1875,40.70703125,34.74609375,42.3671875,-20.226408382846127,-54.40478598129839,9.407712629777476,1
thresholds,cold,4,1048577,False,1,16777216,random,5,0.096479913,21.1015625,21.09765625,21.13671875,46.5078125,42.83203125,48.859375,0.091830145,21.1484375,21.08203125,23.171875,39.2578125,38.67578125,41.6796875,3.4116946187544794,-0.26921894111113787,26.490237428389907,4
thresholds,cold,4,1048577,False,4,16777216,random,5,0.080918235,19.1171875,15.25,23.18359375,45.81640625,40.84375,46.3828125,0.099141756,21.16015625,19.13671875,23.1953125,39.30859375,37.390625,43.30078125,-21.70416727930995,-69.81588790299418,7.652790498952433,1
thresholds,cold,4,1048577,True,1,16777216,random,5,0.081023683,21.08984375,17.15625,21.21875,49.28515625,47.6640625,49.859375,0.087365989,21.1640625,21.16015625,23.14453125,40.8359375,38.87890625,41.09375,2.2033199023104744,-31.476749828812412,43.56188779237766,3
thresholds,cold,4,1048577,True,4,16777216,random,5,0.0690857,21.09375,15.26171875,21.24609375,48.51953125,43.1796875,53.1875,0.073168871,21.171875,17.203125,21.203125,40.1953125,35.58984375,40.64453125,-7.612601052911727,-22.533895528547276,18.89572661201956,1
thresholds,subtree-delta,4,1048575,False,1,16777216,random,5,0.016216862,46.6953125,40.19921875,48.06640625,46.6953125,40.19921875,48.06640625,0.015567528,48.546875,45.37109375,49.1328125,48.546875,45.37109375,49.1328125,-10.598651015715642,-41.65711602165043,6.692214265184637,2
thresholds,subtree-delta,4,1048575,False,4,16777216,random,5,0.01388998,46.83203125,43.92578125,47.796875,46.83203125,43.92578125,47.796875,0.012970527,45.03515625,42.22265625,47.28125,45.03515625,42.22265625,47.28125,-1.8059260729061055,-24.254105208130472,18.288590615205525,2
thresholds,subtree-delta,4,1048575,True,1,16777216,random,5,0.015272293,49.9765625,42.23046875,53.19921875,49.9765625,42.23046875,53.19921875,0.014000126,48.609375,44.546875,51.16015625,48.609375,44.546875,51.16015625,4.892406087021451,-5.711270730596918,17.687644306922877,4
thresholds,subtree-delta,4,1048575,True,4,16777216,random,5,0.015882471,50.9765625,44.8828125,51.88671875,50.9765625,44.8828125,51.88671875,0.012716479,50.47265625,48.50390625,53.64453125,50.47265625,48.50390625,53.64453125,7.0143605726139535,2.194567223036159,19.93387552856227,5
thresholds,subtree-delta,4,1048576,False,1,16777216,random,5,0.013698699,46.11328125,40.5,48.90234375,46.11328125,40.5,48.90234375,0.013734115,36.99609375,35.75390625,40.0234375,36.99609375,35.75390625,40.0234375,0.20282209610449353,-16.08827706711096,25.44370514046783,3
thresholds,subtree-delta,4,1048576,False,4,16777216,random,5,0.012884656,47.3984375,43.5546875,50.390625,47.3984375,43.5546875,50.390625,0.013514412,38.6875,32.84765625,41.0234375,38.6875,32.84765625,41.0234375,-13.044158881696188,-21.25469307680712,19.214060635505035,2
thresholds,subtree-delta,4,1048576,True,1,16777216,random,5,0.012723713,49.40234375,43.6015625,53.6796875,49.40234375,43.6015625,53.6796875,0.011990121,36.8359375,32.48828125,39.078125,36.8359375,32.48828125,39.078125,14.253826693513115,-3.284019659772608,33.614068370247374,4
thresholds,subtree-delta,4,1048576,True,4,16777216,random,5,0.012573951,49.90625,46.6484375,52.1484375,49.90625,46.6484375,52.1484375,0.013308344,40.70703125,34.74609375,42.3671875,40.70703125,34.74609375,42.3671875,-4.246330109267271,-25.611804308393292,28.227155719694263,2
thresholds,subtree-delta,4,1048577,False,1,16777216,random,5,0.013307252,46.5078125,42.83203125,48.859375,46.5078125,42.83203125,48.859375,0.012084138,39.2578125,38.67578125,41.6796875,39.2578125,38.67578125,41.6796875,8.490543895905123,0.13896645635194105,23.432207768804915,5
thresholds,subtree-delta,4,1048577,False,4,16777216,random,5,0.012638943,45.81640625,40.84375,46.3828125,45.81640625,40.84375,46.3828125,0.013974799,39.30859375,37.390625,43.30078125,39.30859375,37.390625,43.30078125,-13.942643974878589,-35.360091482794,7.9200056523713975,1
thresholds,subtree-delta,4,1048577,True,1,16777216,random,5,0.012353496,49.28515625,47.6640625,49.859375,49.28515625,47.6640625,49.859375,0.013708016,40.8359375,38.87890625,41.09375,40.8359375,38.87890625,41.09375,-10.964669434466167,-43.99146231477007,11.786874961074833,2
thresholds,subtree-delta,4,1048577,True,4,16777216,random,5,0.013042614,48.51953125,43.1796875,53.1875,48.51953125,43.1796875,53.1875,0.011472447,40.1953125,35.58984375,40.64453125,40.1953125,35.58984375,40.64453125,17.642669211550054,8.123877621464526,37.78331896038964,5
thresholds,warm,4,1048575,False,1,16777216,random,5,0.009293382,46.6953125,40.19921875,48.06640625,46.6953125,40.19921875,48.06640625,0.009563291,48.546875,45.37109375,49.1328125,48.546875,45.37109375,49.1328125,-9.750060895474899,-54.41093650788782,11.78494894302804,2
thresholds,warm,4,1048575,False,4,16777216,random,5,0.008551616,46.83203125,43.92578125,47.796875,46.83203125,43.92578125,47.796875,0.007616344,45.03515625,42.22265625,47.28125,45.03515625,42.22265625,47.28125,-4.902336587611056,-40.383707581825725,28.41886594497862,1
thresholds,warm,4,1048575,True,1,16777216,random,5,0.007846658,49.9765625,42.23046875,53.19921875,49.9765625,42.23046875,53.19921875,0.008505028,48.609375,44.546875,51.16015625,48.609375,44.546875,51.16015625,-6.4509374564305055,-22.79753187678186,17.450020667107534,2
thresholds,warm,4,1048575,True,4,16777216,random,5,0.007591356,50.9765625,44.8828125,51.88671875,50.9765625,44.8828125,51.88671875,0.009367201,50.47265625,48.50390625,53.64453125,50.47265625,48.50390625,53.64453125,-26.150708277864986,-33.93416866930232,9.028413575481375,2
thresholds,warm,4,1048576,False,1,16777216,random,5,0.007592439,46.11328125,40.5,48.90234375,46.11328125,40.5,48.90234375,0.007684773,36.99609375,35.75390625,40.0234375,36.99609375,35.75390625,40.0234375,11.795433608047201,-34.82092588729557,37.23338305805051,4
thresholds,warm,4,1048576,False,4,16777216,random,5,0.00755553,47.3984375,43.5546875,50.390625,47.3984375,43.5546875,50.390625,0.007681887,38.6875,32.84765625,41.0234375,38.6875,32.84765625,41.0234375,7.089976127494079,-16.767475478013427,12.614416195819489,3
thresholds,warm,4,1048576,True,1,16777216,random,5,0.007687919,49.40234375,43.6015625,53.6796875,49.40234375,43.6015625,53.6796875,0.007328332,36.8359375,32.48828125,39.078125,36.8359375,32.48828125,39.078125,4.677299539706381,-10.609887091104975,27.72569608401595,3
thresholds,warm,4,1048576,True,4,16777216,random,5,0.007377434,49.90625,46.6484375,52.1484375,49.90625,46.6484375,52.1484375,0.008596429,40.70703125,34.74609375,42.3671875,40.70703125,34.74609375,42.3671875,-10.423393825007432,-37.2135289081414,6.360200483366418,1
thresholds,warm,4,1048577,False,1,16777216,random,5,0.006524087,46.5078125,42.83203125,48.859375,46.5078125,42.83203125,48.859375,0.0066639,39.2578125,38.67578125,41.6796875,39.2578125,38.67578125,41.6796875,-3.3322406181910402,-32.70033032974575,27.157049472872497,2
thresholds,warm,4,1048577,False,4,16777216,random,5,0.006985856,45.81640625,40.84375,46.3828125,45.81640625,40.84375,46.3828125,0.007264942,39.30859375,37.390625,43.30078125,39.30859375,37.390625,43.30078125,-3.9950150704509246,-37.297109021246946,7.20965231212708,2
thresholds,warm,4,1048577,True,1,16777216,random,5,0.00812405,49.28515625,47.6640625,49.859375,49.28515625,47.6640625,49.859375,0.007942819,40.8359375,38.87890625,41.09375,40.8359375,38.87890625,41.09375,-1.7951887444739079,-55.325741898689415,15.143624124201994,2
thresholds,warm,4,1048577,True,4,16777216,random,5,0.007735749,48.51953125,43.1796875,53.1875,48.51953125,43.1796875,53.1875,0.006740846,40.1953125,35.58984375,40.64453125,40.1953125,35.58984375,40.64453125,17.988854477872284,1.0842906097392802,69.2247453652543,5
thresholds,wide-delta,4,1048575,False,1,16777216,random,5,0.015023043,46.6953125,40.19921875,48.06640625,46.6953125,40.19921875,48.06640625,0.016005613,48.546875,45.37109375,49.1328125,48.546875,45.37109375,49.1328125,-9.404079719678982,-16.925574922489474,44.24674298291011,1
thresholds,wide-delta,4,1048575,False,4,16777216,random,5,0.015296028,46.83203125,43.92578125,47.796875,46.83203125,43.92578125,47.796875,0.012410833,45.03515625,42.22265625,47.28125,45.03515625,42.22265625,47.28125,23.480566327415197,3.8588264662560157,36.61515075362085,5
thresholds,wide-delta,4,1048575,True,1,16777216,random,5,0.016403934,49.9765625,42.23046875,53.19921875,49.9765625,42.23046875,53.19921875,0.017209862,48.609375,44.546875,51.16015625,48.609375,44.546875,51.16015625,-2.520374536311576,-106.50629902552708,20.75448486930025,1
thresholds,wide-delta,4,1048575,True,4,16777216,random,5,0.012577347,50.9765625,44.8828125,51.88671875,50.9765625,44.8828125,51.88671875,0.013407079,50.47265625,48.50390625,53.64453125,50.47265625,48.50390625,53.64453125,-0.25608582143170633,-33.77756851266012,26.45350431873976,2
thresholds,wide-delta,4,1048576,False,1,16777216,random,5,0.013422058,46.11328125,40.5,48.90234375,46.11328125,40.5,48.90234375,0.013413462,36.99609375,35.75390625,40.0234375,36.99609375,35.75390625,40.0234375,-1.281529580577967,-11.182812475250659,12.925448366887448,2
thresholds,wide-delta,4,1048576,False,4,16777216,random,5,0.012446771,47.3984375,43.5546875,50.390625,47.3984375,43.5546875,50.390625,0.013102918,38.6875,32.84765625,41.0234375,38.6875,32.84765625,41.0234375,-9.525208634582484,-38.493274308634454,-1.7641041198556584,0
thresholds,wide-delta,4,1048576,True,1,16777216,random,5,0.012751515,49.40234375,43.6015625,53.6796875,49.40234375,43.6015625,53.6796875,0.012679019,36.8359375,32.48828125,39.078125,36.8359375,32.48828125,39.078125,-1.6440455189443037,-5.35811595032174,10.570305575132311,2
thresholds,wide-delta,4,1048576,True,4,16777216,random,5,0.012308992,49.90625,46.6484375,52.1484375,49.90625,46.6484375,52.1484375,0.013424954,40.70703125,34.74609375,42.3671875,40.70703125,34.74609375,42.3671875,-6.272118826330653,-40.98121599624174,-1.153099691646875,0
thresholds,wide-delta,4,1048577,False,1,16777216,random,5,0.011409618,46.5078125,42.83203125,48.859375,46.5078125,42.83203125,48.859375,0.011863312,39.2578125,38.67578125,41.6796875,39.2578125,38.67578125,41.6796875,-6.192555885462214,-18.64689825172001,2.500393880666618,1
thresholds,wide-delta,4,1048577,False,4,16777216,random,5,0.013384748,45.81640625,40.84375,46.3828125,45.81640625,40.84375,46.3828125,0.013636332,39.30859375,37.390625,43.30078125,39.30859375,37.390625,43.30078125,5.306397998677303,-32.237764307027675,23.20879412472603,4
thresholds,wide-delta,4,1048577,True,1,16777216,random,5,0.01412936,49.28515625,47.6640625,49.859375,49.28515625,47.6640625,49.859375,0.015523356,40.8359375,38.87890625,41.09375,40.8359375,38.87890625,41.09375,-0.48372606438746857,-34.947230447805126,12.384662164017602,2
thresholds,wide-delta,4,1048577,True,4,16777216,random,5,0.014964012,48.51953125,43.1796875,53.1875,48.51953125,43.1796875,53.1875,0.013701765,40.1953125,35.58984375,40.64453125,40.1953125,35.58984375,40.64453125,4.0019858003782165,-0.6089065301381424,28.899140537914747,4
large-64m,cold,1,67108864,False,1,67108864,random,5,1.439601712,21.1640625,19.1796875,21.18359375,217.890625,211.3359375,231.5859375,1.135795788,21.21484375,21.16796875,21.2578125,105.0,103.4921875,110.1640625,21.10347059659512,-30.4559819480589,43.85647439768845,3
large-64m,cold,1,67108864,True,1,67108864,random,5,1.071477856,21.203125,21.12109375,21.22265625,300.296875,283.68359375,305.57421875,1.155848534,21.203125,19.19921875,21.2421875,109.265625,104.34765625,117.1875,-44.515007363985745,-565.1964877104037,16.23673462085996,2
large-64m,subtree-delta,1,67108864,False,1,67108864,random,5,0.025884619,217.890625,211.3359375,231.5859375,217.890625,211.3359375,231.5859375,0.026390171,108.10546875,107.1015625,112.984375,108.1640625,107.15625,113.06640625,-5.1775303318159605,-47.35251323541139,16.28000695134749,2
large-64m,subtree-delta,1,67108864,True,1,67108864,random,5,0.030689278,300.296875,283.68359375,305.57421875,300.296875,283.68359375,305.57421875,0.029216274,111.640625,106.37109375,123.0234375,111.6796875,106.37890625,123.06640625,5.479460937464875,-1327.6267409949148,39.15953835601338,3
large-64m,warm,1,67108864,False,1,67108864,random,5,0.026701587,217.890625,211.3359375,231.5859375,217.890625,211.3359375,231.5859375,0.026688854,107.49609375,107.0,110.76171875,107.54296875,107.03125,110.78515625,6.797368886300448,-45.14521954690527,43.51884265572736,3
large-64m,warm,1,67108864,True,1,67108864,random,5,0.02703725,300.296875,283.68359375,305.57421875,300.296875,283.68359375,305.57421875,0.028279399,110.3984375,105.83203125,122.2734375,110.42578125,105.83203125,122.31640625,-25.177321483228532,-984.6583361843384,17.813658124221632,2
large-64m,wide-delta,1,67108864,False,1,67108864,random,5,0.028620271,217.890625,211.3359375,231.5859375,217.890625,211.3359375,231.5859375,0.026819931,109.58203125,107.50390625,113.6796875,109.58203125,107.50390625,113.68359375,1.6519146807078555,-4.545097030279277,25.94323425097477,4
large-64m,wide-delta,1,67108864,True,1,67108864,random,5,0.027050605,300.296875,283.68359375,305.57421875,300.296875,283.68359375,305.57421875,0.02952236,111.80078125,107.90625,123.71875,111.828125,107.921875,123.734375,-9.13752206281524,-1292.6691760159604,31.814497601728498,1
parallel-16m,cold,4,16777216,False,1,67108864,random,5,0.87180047,21.20703125,19.2421875,23.19140625,265.55859375,263.9765625,268.921875,0.805677239,21.2578125,21.2421875,23.21484375,114.6171875,110.125,120.9765625,-1.3517394343300015,-208.84497056992868,50.48131317115012,2
parallel-16m,cold,4,16777216,False,4,67108864,random,5,0.580970504,21.21875,21.16015625,23.3828125,279.8671875,277.05078125,285.9296875,0.287200491,21.234375,15.3046875,23.265625,115.8984375,106.0703125,119.6953125,26.286202947514028,-3.270932841359997,56.5950540732723,3
parallel-16m,cold,4,16777216,True,1,67108864,random,5,0.449423629,21.2265625,21.16015625,23.29296875,329.12109375,323.765625,330.859375,0.526584498,21.28515625,21.20703125,21.29296875,111.72265625,110.0859375,117.39453125,6.12932360016194,-50.56266742133706,30.245159106376697,3
parallel-16m,cold,4,16777216,True,4,67108864,random,5,0.385525258,21.234375,21.23046875,21.2578125,351.45703125,342.03515625,355.3515625,0.256410904,21.19140625,19.2421875,21.24609375,114.625,112.94140625,118.1640625,10.543201979264005,-16.36188897690989,38.47857654440448,3
parallel-16m,subtree-delta,4,16777216,False,1,67108864,random,5,0.025368938,265.55859375,263.9765625,268.921875,265.55859375,263.9765625,268.921875,0.033327807,115.77734375,110.125,121.91796875,115.79296875,110.125,121.96875,-38.086560817011716,-151.81565136571012,33.85980591075777,1
parallel-16m,subtree-delta,4,16777216,False,4,67108864,random,5,0.027142919,279.8671875,277.05078125,285.9296875,279.8671875,277.05078125,285.9296875,0.024066896,118.05078125,106.0703125,119.6953125,118.05078125,106.0703125,119.6953125,13.680548674621685,-4.589101120627448,26.927335244512452,4
parallel-16m,subtree-delta,4,16777216,True,1,67108864,random,5,0.026626767,329.12109375,323.765625,330.859375,329.12109375,323.765625,330.859375,0.025331147,111.72265625,110.125,117.39453125,111.72265625,110.13671875,117.39453125,2.4575758671715575,-13.365896320684655,10.000225981762846,4
parallel-16m,subtree-delta,4,16777216,True,4,67108864,random,5,0.023523903,351.45703125,342.03515625,355.3515625,351.45703125,342.03515625,355.3515625,0.021778155,116.47265625,112.94140625,118.1640625,116.49609375,112.94140625,118.1640625,6.546528526581752,-4.712092206807705,36.41389045783027,4
parallel-16m,warm,4,16777216,False,1,67108864,random,5,0.027840783,265.55859375,263.9765625,268.921875,265.55859375,263.9765625,268.921875,0.024987169,115.6953125,110.125,121.453125,115.74609375,110.125,121.4609375,9.270778196640261,-46.69405180888606,56.962719044216534,3
parallel-16m,warm,4,16777216,False,4,67108864,random,5,0.026213869,279.8671875,277.05078125,285.9296875,279.8671875,277.05078125,285.9296875,0.015356932,118.05078125,106.0703125,119.6953125,118.05078125,106.0703125,119.6953125,36.06450980887671,-29.77587932555854,45.77654688552302,4
parallel-16m,warm,4,16777216,True,1,67108864,random,5,0.02144103,329.12109375,323.765625,330.859375,329.12109375,323.765625,330.859375,0.026020986,111.72265625,110.1171875,117.39453125,111.72265625,110.1171875,117.39453125,-7.004416299030414,-204.69737509591806,5.321735624785551,1
parallel-16m,warm,4,16777216,True,4,67108864,random,5,0.024903491,351.45703125,342.03515625,355.3515625,351.45703125,342.03515625,355.3515625,0.021604969,116.13671875,112.94140625,118.1640625,116.1796875,112.94140625,118.1640625,6.458866519721129,-52.33883114896909,17.80326719260984,3
parallel-16m,wide-delta,4,16777216,False,1,67108864,random,5,0.026380833,265.55859375,263.9765625,268.921875,265.55859375,263.9765625,268.921875,0.025032424,115.80859375,110.125,122.11328125,115.80859375,110.125,122.1171875,5.111320783540075,-252.5072639035886,48.577181399735906,3
parallel-16m,wide-delta,4,16777216,False,4,67108864,random,5,0.025399075,279.8671875,277.05078125,285.9296875,279.8671875,277.05078125,285.9296875,0.022347127,118.05078125,106.0703125,119.6953125,118.05078125,106.0703125,119.6953125,5.481952175924465,-1.1204569172185819,14.49684289683777,4
parallel-16m,wide-delta,4,16777216,True,1,67108864,random,5,0.024530338,329.12109375,323.765625,330.859375,329.12109375,323.765625,330.859375,0.026430147,111.73828125,110.23828125,117.39453125,111.73828125,110.2421875,117.39453125,-8.573713904798218,-54.53260339395263,9.485559259865163,1
parallel-16m,wide-delta,4,16777216,True,4,67108864,random,5,0.023266629,351.45703125,342.03515625,355.3515625,351.45703125,342.03515625,355.3515625,0.021924,116.54296875,112.94140625,118.20703125,116.56640625,112.94140625,118.234375,10.485557058577621,-16.967971595713326,35.07259637616461,4
small-control,cold,16,65536,False,1,16777216,random,5,0.017691849,21.234375,21.2109375,21.28125,31.2578125,29.8828125,32.2578125,0.018231847,21.2890625,19.328125,23.3359375,30.06640625,28.4609375,33.71484375,-2.0597057552124154,-3.791033938849475,7.9382700520608696,2
small-control,cold,16,65536,False,4,16777216,random,5,0.014756651,21.25390625,21.171875,21.32421875,30.37109375,29.4296875,31.4453125,0.015432213,21.30859375,21.24609375,21.3359375,29.8359375,28.578125,30.59375,1.9307898451235594,-9.755701365490332,4.899992309281265,3
small-control,cold,16,65536,True,1,16777216,random,5,0.016047493,21.2421875,21.22265625,23.17578125,30.640625,30.125,33.625,0.015790428,21.27734375,19.265625,23.32421875,31.13671875,27.65625,33.01171875,3.132957864943564,-4.281254399051604,29.532302317266247,3
small-control,cold,16,65536,True,4,16777216,random,5,0.014002271,21.33203125,21.1796875,21.33984375,29.8515625,29.7421875,30.921875,0.015121328,21.3125,21.25,21.390625,30.59375,30.375,31.34375,-4.1516479719611254,-9.438208115072166,9.986055446425157,1
small-control,subtree-delta,16,65536,False,1,16777216,random,5,0.005969002,31.2578125,29.8828125,32.2578125,31.2578125,29.8828125,32.2578125,0.006112983,30.06640625,29.3359375,33.71484375,30.2265625,29.46875,33.71484375,-5.01244596667918,-17.078498403118235,7.428641261287893,2
small-control,subtree-delta,16,65536,False,4,16777216,random,5,0.006921275,30.37109375,29.62109375,31.4453125,30.37109375,29.62109375,31.4453125,0.006771183,29.8359375,28.578125,30.59375,29.8359375,28.6015625,30.59375,5.814631345395583,-11.487878182218836,12.834573809208727,4
small-control,subtree-delta,16,65536,True,1,16777216,random,5,0.006786411,30.640625,30.125,33.625,30.640625,30.125,33.625,0.00663197,31.13671875,27.65625,33.01171875,31.13671875,27.68359375,33.01171875,2.7088839741654325,-15.21044197077921,9.144848042975006,3
small-control,subtree-delta,16,65536,True,4,16777216,random,5,0.00693996,29.8515625,29.7421875,30.921875,29.8515625,29.7421875,30.921875,0.00668452,30.59375,30.375,31.34375,30.59375,30.375,31.34375,-5.851248457742897,-19.829394251452335,12.015645623317717,2
small-control,warm,16,65536,False,1,16777216,random,5,0.003042921,31.2578125,29.8828125,32.2578125,31.2578125,29.8828125,32.2578125,0.003547492,30.06640625,29.0546875,33.71484375,30.06640625,29.171875,33.71484375,-11.84571324111876,-49.52603107343241,-5.941985142463602,0
small-control,warm,16,65536,False,4,16777216,random,5,0.003327847,30.37109375,29.55078125,31.4453125,30.37109375,29.6015625,31.4453125,0.003544876,29.8359375,28.578125,30.59375,29.8359375,28.578125,30.59375,-4.38392728519772,-8.549365354423788,11.787427332342503,2
small-control,warm,16,65536,True,1,16777216,random,5,0.004097597,30.640625,30.125,33.625,30.640625,30.125,33.625,0.003672276,31.13671875,27.65625,33.01171875,31.13671875,27.65625,33.01171875,8.566757267418213,-11.757397510265278,18.84065221640878,3
small-control,warm,16,65536,True,4,16777216,random,5,0.00359423,29.8515625,29.7421875,30.921875,29.8515625,29.7421875,30.921875,0.003293522,30.59375,30.375,31.34375,30.59375,30.375,31.34375,8.747436864084934,-4.184419250708715,19.95925777236249,4
small-control,wide-delta,16,65536,False,1,16777216,random,5,0.006485103,31.2578125,29.8828125,32.2578125,31.2578125,29.8828125,32.2578125,0.007278217,30.375,29.50390625,33.71484375,30.51953125,29.578125,33.81640625,-7.088982140597544,-80.88991464957613,6.963352265566291,1
small-control,wide-delta,16,65536,False,4,16777216,random,5,0.006627482,30.37109375,29.62109375,31.4453125,30.4140625,29.62109375,31.4453125,0.00703014,29.8359375,28.71875,30.59375,29.96875,28.94921875,30.66015625,-8.572399285939337,-30.865907571822838,0.6690224924372878,1
small-control,wide-delta,16,65536,True,1,16777216,random,5,0.006922548,30.69921875,30.125,33.625,30.85546875,30.1640625,33.625,0.006512786,31.13671875,27.8828125,33.125,31.14453125,28.02734375,33.26953125,5.025899001566636,-12.809460409070116,15.573715462935734,4
small-control,wide-delta,16,65536,True,4,16777216,random,5,0.006690831,29.8515625,29.7421875,30.921875,29.8515625,29.7421875,30.921875,0.006614347,30.59375,30.375,31.34375,30.59375,30.375,31.34375,1.2502482523118585,-10.35977444356313,10.042091357742633,3
delta-fallback,cold,16,1048576,True,1,16777216,clustered,5,0.121973044,21.30859375,21.29296875,23.26171875,136.62109375,127.39453125,138.28515625,0.104121103,21.32421875,21.30078125,23.23828125,94.35546875,93.5234375,96.30078125,19.980430309322394,-16.272949547663117,46.24199958725733,3
delta-fallback,cold,16,1048576,True,4,16777216,clustered,5,0.06287783,21.2890625,21.1875,23.33984375,120.77734375,117.234375,123.265625,0.061916559,21.34375,19.40234375,21.3828125,100.01171875,95.53125,104.78515625,0.3294927577432216,-18.348776278308176,22.426506976896498,3
delta-fallback,subtree-delta,16,1048576,True,1,16777216,clustered,5,0.010647192,136.62109375,127.39453125,138.28515625,136.62109375,127.39453125,138.28515625,0.009320153,94.35546875,93.5234375,96.30078125,94.35546875,93.5234375,96.30078125,2.1308114134736655,-133.1189763460638,18.741523907952406,4
delta-fallback,subtree-delta,16,1048576,True,4,16777216,clustered,5,0.008174896,120.77734375,117.234375,123.265625,120.77734375,117.234375,123.265625,0.007891822,100.01171875,95.53125,104.78515625,100.01171875,95.53125,104.78515625,2.294859766685964,-102.33384623649582,19.404126221888994,4
delta-fallback,warm,16,1048576,True,1,16777216,clustered,5,0.00670098,136.62109375,127.39453125,138.28515625,136.62109375,127.39453125,138.28515625,0.005419737,94.35546875,93.5234375,96.30078125,94.35546875,93.5234375,96.30078125,27.315810523236905,-195.54152100243184,32.258661259333124,3
delta-fallback,warm,16,1048576,True,4,16777216,clustered,5,0.00613254,120.77734375,117.234375,123.265625,120.77734375,117.234375,123.265625,0.005173082,100.01171875,95.53125,104.78515625,100.01171875,95.53125,104.78515625,15.645360649910145,-11.601600934311218,27.214169172199355,3
delta-fallback,wide-delta,16,1048576,True,1,16777216,clustered,5,0.010728265,136.62109375,127.39453125,138.28515625,136.62109375,127.39453125,138.28515625,0.010137653,94.35546875,93.5234375,96.30078125,94.35546875,93.5234375,96.30078125,5.2080916750256385,-3.0200596275352876,23.379221318633526,4
delta-fallback,wide-delta,16,1048576,True,4,16777216,clustered,5,0.008075398,120.77734375,117.234375,123.265625,120.77734375,117.234375,123.265625,0.007962155,100.01171875,95.53125,104.78515625,100.01171875,95.53125,104.78515625,2.322588773104406,-4.357525589336175,17.158184759108984,4
compressed-64m,cold,1,67108864,False,1,67108864,repeated,5,0.519013932,21.25390625,21.23828125,21.3125,108.58984375,106.22265625,111.3203125,0.517258125,21.31640625,19.328125,23.31640625,28.4296875,23.14453125,30.7109375,2.156676273860658,-4.087759632927357,12.258845723892954,3
compressed-64m,cold,1,67108864,True,1,67108864,repeated,5,0.255254265,21.265625,21.25,21.33984375,107.1015625,106.48046875,108.19921875,0.24221897,21.25,21.21484375,21.33203125,26.01953125,24.92578125,27.6015625,6.352328406589757,-6.035801666342411,12.588030216397117,4
compressed-64m,subtree-delta,1,67108864,False,1,67108864,repeated,5,0.024589129,108.58984375,106.22265625,111.3203125,108.58984375,106.22265625,111.3203125,0.026129391,28.4296875,24.44921875,30.7109375,28.4296875,24.453125,30.7109375,-4.228640413206763,-14.119491585082166,7.6894793240635195,2
compressed-64m,subtree-delta,1,67108864,True,1,67108864,repeated,5,0.022388363,107.1015625,106.48046875,108.19921875,107.1015625,106.48046875,108.19921875,0.013744741,27.75390625,26.99609375,28.98046875,27.7578125,27.01953125,29.0234375,37.8494575618197,-3.6799873661412574,52.76948449681422,4
compressed-64m,warm,1,67108864,False,1,67108864,repeated,5,0.0260018,108.58984375,106.22265625,111.3203125,108.58984375,106.22265625,111.3203125,0.026210544,28.4296875,24.328125,30.7109375,28.4296875,24.37109375,30.7109375,-9.97945526848143,-119.8072126969282,14.205370155108909,2
compressed-64m,warm,1,67108864,True,1,67108864,repeated,5,0.023839988,107.1015625,106.48046875,108.19921875,107.1015625,106.48046875,108.19921875,0.020840808,27.04296875,25.9375,27.66796875,27.6640625,25.9375,27.8515625,1.3856937437451755,-8.756681207015248,61.97114797708909,3
compressed-64m,wide-delta,1,67108864,False,1,67108864,repeated,5,0.02624064,108.58984375,106.22265625,111.3203125,108.58984375,106.22265625,111.3203125,0.02470138,28.4296875,24.61328125,30.7109375,28.4296875,24.6171875,30.7109375,11.83591031136354,-148.45119628167348,59.337729567571515,3
compressed-64m,wide-delta,1,67108864,True,1,67108864,repeated,5,0.021568649,107.1015625,106.48046875,108.19921875,107.1015625,106.48046875,108.19921875,0.022941855,27.88671875,27.10546875,29.12109375,27.88671875,27.12109375,29.1484375,-3.3187877419976086,-78.09016567001652,33.065140055828245,1
byte-budget,cold,4,1048576,False,1,1048575,random,5,0.093295402,21.265625,21.21484375,23.34375,42.17578125,40.9140625,43.4609375,0.097653441,21.2890625,19.36328125,21.328125,36.33984375,34.21875,37.6875,-0.9875458702336193,-11.132964516300593,13.645549868825723,2
byte-budget,cold,4,1048576,False,1,1048576,random,5,0.099966358,21.2265625,21.1796875,21.359375,41.34765625,41.16015625,41.93359375,0.095285039,21.24609375,19.37109375,23.3125,36.65625,34.51171875,37.96875,18.48187609669211,3.905027729428734,27.30739182629498,5
byte-budget,cold,4,1048576,False,1,1048577,random,5,0.076334351,21.234375,19.26171875,21.42578125,40.9609375,39.26171875,41.7265625,0.087224446,21.33203125,21.25,21.33203125,36.8046875,36.27734375,37.56640625,-9.134141279292795,-19.184303322774277,6.028606963593619,1
byte-budget,cold,4,1048576,False,4,1048575,random,5,0.097362252,21.23046875,19.33203125,21.36328125,41.3515625,39.8828125,42.37890625,0.090468547,21.3046875,19.25,21.3359375,36.48828125,34.7421875,37.2421875,9.281784820692106,6.053367341999804,21.223083434052835,5
byte-budget,cold,4,1048576,False,4,1048576,random,5,0.092230947,21.26953125,21.21875,21.359375,41.7578125,40.18359375,42.12109375,0.099709915,21.25,19.34765625,21.3515625,36.6328125,35.734375,37.4609375,1.2736019781317887,-13.978639920570846,25.29043640850831,3
byte-budget,cold,4,1048576,False,4,1048577,random,5,0.103435002,21.30859375,21.234375,21.3359375,41.87109375,40.96484375,42.640625,0.107835601,21.26171875,19.33203125,21.34765625,36.4765625,35.75390625,37.7265625,8.278855663321893,-32.91192166232666,21.376293844004447,3
byte-budget,subtree-delta,4,1048576,False,1,1048575,random,5,0.011600402,42.17578125,40.9140625,43.4609375,42.17578125,40.9140625,43.4609375,0.013243296,36.33984375,34.21875,37.6875,36.33984375,34.21875,37.6875,-10.758211608492818,-44.47208948055972,3.0814157305841694,1
byte-budget,subtree-delta,4,1048576,False,1,1048576,random,5,0.011566899,41.34765625,41.16015625,41.93359375,41.34765625,41.16015625,41.93359375,0.010318517,36.65625,34.51171875,37.96875,36.65625,34.51171875,37.96875,4.428192579018331,-12.493638223268611,15.64989610448425,4
byte-budget,subtree-delta,4,1048576,False,1,1048577,random,5,0.010886287,40.9609375,39.26171875,41.7265625,40.9609375,39.26171875,41.7265625,0.009908204,36.8046875,36.27734375,37.56640625,36.8046875,36.27734375,37.56640625,-5.733023403547488,-12.678708720802522,18.80043646391183,2
byte-budget,subtree-delta,4,1048576,False,4,1048575,random,5,0.010891577,41.3515625,39.8828125,42.37890625,41.3515625,39.8828125,42.37890625,0.01067597,36.48828125,34.7421875,37.2421875,36.48828125,34.7421875,37.2421875,-1.0389037326734352,-32.03738117325348,12.022929319909881,2
byte-budget,subtree-delta,4,1048576,False,4,1048576,random,5,0.010842223,41.7578125,40.18359375,42.12109375,41.7578125,40.18359375,42.12109375,0.011226958,36.6328125,35.734375,37.4609375,36.6328125,35.734375,37.4609375,-0.32245897880855967,-12.325510189341248,5.286891197526522,2
byte-budget,subtree-delta,4,1048576,False,4,1048577,random,5,0.012748464,41.87109375,40.96484375,42.640625,41.87109375,40.96484375,42.640625,0.01174311,36.4765625,35.75390625,37.7265625,36.4765625,35.75390625,37.7265625,10.031421670264839,-164.19291351015838,25.51625443772402,4
byte-budget,warm,4,1048576,False,1,1048575,random,5,0.006770884,42.17578125,40.9140625,43.4609375,42.17578125,40.9140625,43.4609375,0.007061892,36.33984375,34.21875,37.6875,36.33984375,34.21875,37.6875,-10.343462874957577,-14.857356431801305,20.071918014449565,1
byte-budget,warm,4,1048576,False,1,1048576,random,5,0.006239704,41.34765625,41.16015625,41.93359375,41.34765625,41.16015625,41.93359375,0.005525037,36.65625,34.51171875,37.96875,36.65625,34.51171875,37.96875,2.9200324013018863,-8.834848507830051,11.763747126466262,4
byte-budget,warm,4,1048576,False,1,1048577,random,5,0.006408512,40.9609375,39.26171875,41.7265625,40.9609375,39.26171875,41.7265625,0.00610522,36.8046875,36.27734375,37.56640625,36.8046875,36.27734375,37.56640625,2.822176223474271,-21.22622122005602,15.085863828815004,3
byte-budget,warm,4,1048576,False,4,1048575,random,5,0.00613138,41.3515625,39.8828125,42.37890625,41.3515625,39.8828125,42.37890625,0.00643943,36.48828125,34.7421875,37.2421875,36.48828125,34.7421875,37.2421875,1.426608752224412,-9.452834505420004,6.194461931897877,3
byte-budget,warm,4,1048576,False,4,1048576,random,5,0.006391149,41.7578125,40.18359375,42.12109375,41.7578125,40.18359375,42.12109375,0.006962014,36.6328125,35.734375,37.4609375,36.6328125,35.734375,37.4609375,-0.9853468712045954,-31.12240128723358,11.417952416393662,2
byte-budget,warm,4,1048576,False,4,1048577,random,5,0.00725691,41.87109375,40.96484375,42.640625,41.87109375,40.96484375,42.640625,0.006344341,36.4765625,35.75390625,37.7265625,36.4765625,35.75390625,37.7265625,11.402208377945977,-102.0485777217694,26.7210072429068,3
byte-budget,wide-delta,4,1048576,False,1,1048575,random,5,0.011354469,42.17578125,40.9140625,43.4609375,42.17578125,40.9140625,43.4609375,0.014229705,36.33984375,34.21875,37.6875,36.33984375,34.21875,37.6875,-9.039781898128885,-25.322505173953978,-0.26014115709935837,0
byte-budget,wide-delta,4,1048576,False,1,1048576,random,5,0.012510416,41.34765625,41.16015625,41.93359375,41.34765625,41.16015625,41.93359375,0.009876254,36.65625,34.51171875,37.96875,36.65625,34.51171875,37.96875,13.184448554010475,-2.0024660608519484,32.237645362089864,4
byte-budget,wide-delta,4,1048576,False,1,1048577,random,5,0.009999877,40.9609375,39.26171875,41.7265625,40.9609375,39.26171875,41.7265625,0.010154869,36.8046875,36.27734375,37.56640625,36.8046875,36.27734375,37.56640625,4.029624638185203,-7.755295390133288,13.339667740597305,3
byte-budget,wide-delta,4,1048576,False,4,1048575,random,5,0.011227881,41.3515625,39.8828125,42.37890625,41.3515625,39.8828125,42.37890625,0.010760229,36.48828125,34.7421875,37.2421875,36.48828125,34.7421875,37.2421875,3.0208104259422885,-46.6422356767811,8.76420047558395,3
byte-budget,wide-delta,4,1048576,False,4,1048576,random,5,0.011905517,41.7578125,40.18359375,42.12109375,41.7578125,40.18359375,42.12109375,0.010232194,36.6328125,35.734375,37.4609375,36.6328125,35.734375,37.4609375,14.025216733069378,-32.90478328589903,72.23964114936125,4
byte-budget,wide-delta,4,1048576,False,4,1048577,random,5,0.011406386,41.87109375,40.96484375,42.640625,41.87109375,40.96484375,42.640625,0.010736024,36.4765625,35.75390625,37.7265625,36.4765625,35.75390625,37.7265625,2.8372358357960037,-4.02864408373802,14.371780348302654,4
