case,backend,phase,pairs,positive_pairs,median,minimum,maximum
many-1,memory,cold,10,3,-5.111767171455506,-37.79933092522718,11.445246888401183
many-1,memory,duplicate,10,2,-4.4858319718089845,-22.300882008365285,12.220533721082639
many-1,local,cold,10,7,1.2027170922963126,-2.7291143491150915,23.601995140511868
many-1,local,duplicate,10,6,0.6165239010003598,-54.123967721584854,11.503817777469116
many-3,memory,cold,5,5,3.622589983133284,0.09547194164100103,6.240511598194165
many-3,memory,duplicate,5,5,5.377596546954444,2.7364396001945512,7.350498667462713
many-3,local,cold,5,3,0.7939549668795842,-62.02047884500652,9.687070026159017
many-3,local,duplicate,5,4,2.82683122820111,-31.167565308470067,33.37678408354694
many-4,memory,cold,10,8,5.485762711022274,-3.953730974144931,25.0573799492816
many-4,memory,duplicate,10,9,6.565854746511174,-1.3932831852833116,16.486120394943317
many-4,local,cold,10,6,0.09942716963936005,-41.45281840994804,24.1488017160969
many-4,local,duplicate,10,7,5.842305392792224,-53.12227337127551,17.909206154959033
many-5,memory,cold,5,4,4.539392903350514,-3.0962207659557928,14.593016398555637
many-5,memory,duplicate,5,5,12.381406268449846,2.0546633054163377,14.20342384361466
many-5,local,cold,5,2,-1.6928245283033938,-11.95909458497766,3.090356207023559
many-5,local,duplicate,5,5,11.906028235066124,4.514931421093882,13.36725972198507
many-16,memory,cold,10,8,7.955273144923591,-2.551605711193683,14.26767952022564
many-16,memory,duplicate,10,10,20.92795064245321,10.573591513314007,27.54075475910126
many-16,local,cold,10,9,12.071759856023561,-1.4162196131401572,16.214294349782556
many-16,local,duplicate,10,10,21.129503920759774,11.611109640108076,26.254834389106474
many-periodic,memory,cold,5,5,5.516051787906784,2.103722999517954,7.242277503965566
many-periodic,memory,duplicate,5,5,6.084498846262488,0.6131529551838599,10.646918555047158
many-periodic,local,cold,5,5,3.4864917446731702,2.7221878429152024,5.838474099207924
many-periodic,local,duplicate,5,4,3.056420380461744,-1.1508719796757827,4.4901807222382795
one-permit,memory,cold,5,1,-0.8528653533967478,-5.016077482781056,5.901348082157609
one-permit,memory,duplicate,5,2,-2.961203853095973,-11.468451830756887,11.31299681479635
one-permit,local,cold,5,3,0.21381262492637942,-1.1380036603147792,1.4263348258409692
one-permit,local,duplicate,5,4,3.194051754322258,-1.6164140970636787,10.815735389319169
three-permits,memory,cold,5,4,3.239871479583345,-25.547420556821756,7.011491582967588
three-permits,memory,duplicate,5,2,-0.841515933758763,-3.853495372803839,4.679270466814767
three-permits,local,cold,5,3,0.6061635307688329,-1.4545840069358995,1.2508776442564207
three-permits,local,duplicate,5,4,2.7539463279571796,-1.390962307981658,3.7762907500995424
four-permits,memory,cold,5,5,5.468816821413847,2.8887938367557764,8.449357139385594
four-permits,memory,duplicate,5,5,5.361659201907787,3.2489601035313953,6.490983516635684
four-permits,local,cold,5,2,-7.785821659585812,-23.462922725861326,23.42049457213079
four-permits,local,duplicate,5,5,7.899414614578582,0.8013819809891132,32.14814858871563
default-4,memory,cold,10,5,-0.7081669562440385,-13.804414496091667,11.338955556329989
default-4,memory,duplicate,10,9,2.9262016868502605,-3.7424756232298018,15.894106924636898
default-4,local,cold,10,4,-1.1160409821777906,-24.42689074118025,10.807792272119688
default-4,local,duplicate,10,8,4.933415071315611,-8.332433200382262,10.042908872470369
default-16,memory,cold,10,8,3.2327756978378197,-1.6847460518488067,16.19477407041928
default-16,memory,duplicate,10,8,2.024333461999994,-3.1584914792766705,5.77958675420378
default-16,local,cold,10,5,0.48271041635905565,-11.02831820280481,11.37984741529683
default-16,local,duplicate,10,9,4.49608706521053,-0.7753789635925656,16.182542949748413
default-periodic,memory,cold,5,3,2.8832980404052244,-5.578434993385506,6.607877458108802
default-periodic,memory,duplicate,5,5,2.6864560754218614,1.5335390891598744,13.162216508764303
default-periodic,local,cold,5,5,6.028053124510913,2.0234266910585386,8.294053747846508
default-periodic,local,duplicate,5,5,5.438143327913425,1.589844275048602,10.302734416611049
small--1,memory,cold,5,4,2.714275613377648,-20.449066291358786,16.4507339503325
small--1,memory,duplicate,5,2,-3.5912192715612967,-4.842761296066644,3.551262784691922
small--1,local,cold,5,2,-0.44754566943929763,-9.154959045929001,7.015076489851446
small--1,local,duplicate,5,5,5.0691032646126954,1.855675830840886,16.357809129145906
small-+0,memory,cold,5,3,0.6573285893660352,-9.443165371283179,8.541971128957627
small-+0,memory,duplicate,5,4,2.1103733274489,-2.1582199197435203,7.896473926365255
small-+0,local,cold,5,3,0.8843268312644925,-8.541246337128317,6.811879474811278
small-+0,local,duplicate,5,2,-3.7631409871714316,-5.0506523354233,7.190677393837664
small-+1,memory,cold,10,6,3.25227840971814,-7.685273536895676,10.288739968561266
small-+1,memory,duplicate,10,4,-1.6957276858364345,-8.091532353705233,7.4556641331885665
small-+1,local,cold,10,5,-2.7381629913294905,-12.294348416632772,9.176304479821507
small-+1,local,duplicate,10,6,4.639187062725602,-75.4576186476562,62.025586129624465
byte-cap--2,memory,cold,5,3,2.13026733745898,-1.0621735664969378,6.0821936846295666
byte-cap--2,memory,duplicate,5,4,2.7336067424333144,-0.44149500261982944,8.22130882436345
byte-cap--2,local,cold,5,3,0.8414085849376529,-4.813038188318219,16.530557917765265
byte-cap--2,local,duplicate,5,5,5.871118265178776,3.846355735452911,14.4739072276315
byte-cap-+0,memory,cold,5,2,-0.8288366694164662,-6.553861613779954,14.345017778718693
byte-cap-+0,memory,duplicate,5,2,-0.07322828184981311,-10.684573530671337,3.8021703025999387
byte-cap-+0,local,cold,5,3,6.84788279888644,-2.626035811750871,12.972392511549069
byte-cap-+0,local,duplicate,5,5,12.612921829198875,0.4542832419959564,17.54727783996878
byte-cap-+2,memory,cold,5,3,5.319980750077747,-6.737935679518703,10.651527808748495
byte-cap-+2,memory,duplicate,5,3,0.12198232664790698,-4.472128961397681,5.325920595760236
byte-cap-+2,local,cold,5,3,3.485420391370253,-0.15374546686770518,7.03236334023919
byte-cap-+2,local,duplicate,5,5,5.786615082466595,3.0889026523293617,12.274560483113273
oversized,memory,cold,10,2,-1.8939759083066887,-20.32882249548882,4.999307653363905
oversized,memory,duplicate,10,7,4.561295652792719,-17.73837195532504,12.737867471928677
oversized,local,cold,10,4,-0.61972458910029,-11.526626481828117,4.214214486809487
oversized,local,duplicate,10,3,-1.6782570792299834,-9.286674810401951,6.4618309997113155
