report,operation,backend,files,file_bytes,content,packed,concurrency,max_buffered_bytes,requested_decode_workers,pairs,enough_samples,baseline_median_seconds,candidate_median_seconds,median_paired_reduction_percent,minimum_paired_reduction_percent,maximum_paired_reduction_percent
git-workers-1,cold,local,8,1024,random,True,16,67108864,1,5,True,0.016198718,0.016413702,-0.6638540983258778,-21.899129006183273,3.333584793562061
git-workers-1,warm,local,8,1024,random,True,16,67108864,1,5,True,0.006112218,0.006161801,4.303897693670544,-18.45464561174033,23.44163964734014
git-workers-1,subtree-delta,local,8,1024,random,True,16,67108864,1,5,True,0.01106932,0.010860046,5.571534656148714,-64.51480785858821,19.694292403230552
git-workers-1,wide-delta,local,8,1024,random,True,16,67108864,1,5,True,0.011539996,0.010239248,12.215974771568373,-23.897711814165202,66.11944453110598
git-workers-1,cold,local,8,4194304,random,True,16,67108864,1,5,True,0.272614974,0.338811904,1.98814457910651,-67.78522272726258,26.459479808324836
git-workers-1,warm,local,8,4194304,random,True,16,67108864,1,5,True,0.025589177,0.026604528,-0.224305768020594,-229.91145245210217,69.29881094589041
git-workers-1,subtree-delta,local,8,4194304,random,True,16,67108864,1,5,True,0.023415234,0.02492637,8.355758141968305,-225.14075628285784,63.9324125481727
git-workers-1,wide-delta,local,8,4194304,random,True,16,67108864,1,5,True,0.009625172,0.025634803,-15.481413958449775,-200.97324285570554,3.2007474840213934
git-workers-4,cold,local,8,1024,random,True,16,67108864,4,5,True,0.010397205,0.009375922,-1.6474812221169088,-12.139177880030072,14.386627036062471
git-workers-4,warm,local,8,1024,random,True,16,67108864,4,5,True,0.003811305,0.003377859,5.451879783726898,3.359416126891124,53.60465653781996
git-workers-4,subtree-delta,local,8,1024,random,True,16,67108864,4,5,True,0.007203462,0.006300712,6.04982573288988,-16.459533229077962,15.301973596218033
git-workers-4,wide-delta,local,8,1024,random,True,16,67108864,4,5,True,0.006631305,0.006550183,-0.5465897621871108,-12.797367868166987,12.925436859060158
git-workers-4,cold,local,8,4194304,random,True,16,67108864,4,5,True,0.199650207,0.220181758,7.149597154620746,-77.90950541709253,42.43203416799748
git-workers-4,warm,local,8,4194304,random,True,16,67108864,4,5,True,0.025827894,0.026497086,0.7577626602365939,-211.12888328612658,66.74180192333688
git-workers-4,subtree-delta,local,8,4194304,random,True,16,67108864,4,5,True,0.025256931,0.024162801,-1.8912774811090438,-197.60677584903,67.11240174033813
git-workers-4,wide-delta,local,8,4194304,random,True,16,67108864,4,5,True,0.025024902,0.024516077,0.3167751505158578,-192.1721720520655,69.22403660934516
git-serial-repeat,cold,local,8,4194304,random,True,16,67108864,1,5,True,0.354766569,0.346005782,0.27624192515162127,-75.77349255260157,25.965108432253114
git-serial-repeat,warm,local,8,4194304,random,True,16,67108864,1,5,True,0.022777724,0.026567836,2.0133426603739957,-211.79484411041747,65.1252732713769
git-serial-repeat,subtree-delta,local,8,4194304,random,True,16,67108864,1,5,True,0.025641913,0.025166559,7.9513674334293905,-177.34397221062315,65.30426755460259
git-serial-repeat,wide-delta,local,8,4194304,random,True,16,67108864,1,5,True,0.027592314,0.025915047,7.927723091717143,-195.6876795513688,41.464087353334435
