file_bytes,decode_workers,operation,pairs,positive_pairs,median,minimum,maximum
1024,1,cold,5,2,-0.6638540983258778,-21.899129006183273,3.333584793562061
1024,1,warm,5,3,4.303897693670544,-18.45464561174033,23.44163964734014
1024,1,subtree-delta,5,3,5.571534656148714,-64.51480785858821,19.694292403230552
1024,1,wide-delta,5,3,12.215974771568373,-23.897711814165202,66.11944453110598
4194304,1,cold,10,6,1.1321932521290656,-75.77349255260157,26.459479808324836
4194304,1,warm,10,5,0.7751786936621319,-229.91145245210217,69.29881094589041
4194304,1,subtree-delta,10,6,8.153562787698847,-225.14075628285784,65.30426755460259
4194304,1,wide-delta,10,5,-0.3527137581320616,-200.97324285570554,41.464087353334435
1024,4,cold,5,2,-1.6474812221169088,-12.139177880030072,14.386627036062471
1024,4,warm,5,5,5.451879783726898,3.359416126891124,53.60465653781996
1024,4,subtree-delta,5,3,6.04982573288988,-16.459533229077962,15.301973596218033
1024,4,wide-delta,5,2,-0.5465897621871108,-12.797367868166987,12.925436859060158
4194304,4,cold,5,3,7.149597154620746,-77.90950541709253,42.43203416799748
4194304,4,warm,5,3,0.7577626602365939,-211.12888328612658,66.74180192333688
4194304,4,subtree-delta,5,2,-1.8912774811090438,-197.60677584903,67.11240174033813
4194304,4,wide-delta,5,3,0.3167751505158578,-192.1721720520655,69.22403660934516
