report,case,backend,phase,pairs,enough_samples,positive_pairs,median_paired_reduction_percent,minimum_paired_reduction_percent,maximum_paired_reduction_percent
paired,many-1,memory,cold,5,True,1,-6.315904266576,-37.79933092522718,11.445246888401183
paired,many-1,memory,duplicate,5,True,1,-5.446686691923763,-22.300882008365285,12.220533721082639
paired,many-1,local,cold,5,True,5,3.5146843502484426,0.6022899561197281,23.601995140511868
paired,many-1,local,duplicate,5,True,2,-2.5670930627856414,-54.123967721584854,2.748014184589631
paired,many-3,memory,cold,5,True,5,3.622589983133284,0.09547194164100103,6.240511598194165
paired,many-3,memory,duplicate,5,True,5,5.377596546954444,2.7364396001945512,7.350498667462713
paired,many-3,local,cold,5,True,3,0.7939549668795842,-62.02047884500652,9.687070026159017
paired,many-3,local,duplicate,5,True,4,2.82683122820111,-31.167565308470067,33.37678408354694
paired,many-4,memory,cold,5,True,3,4.797134662151414,-3.953730974144931,25.0573799492816
paired,many-4,memory,duplicate,5,True,5,7.378873942748898,4.104525171062767,16.486120394943317
paired,many-4,local,cold,5,True,2,-2.156488600208939,-5.109795914871373,24.1488017160969
paired,many-4,local,duplicate,5,True,5,6.782522424419401,2.6167571583308735,17.909206154959033
paired,many-5,memory,cold,5,True,4,4.539392903350514,-3.0962207659557928,14.593016398555637
paired,many-5,memory,duplicate,5,True,5,12.381406268449846,2.0546633054163377,14.20342384361466
paired,many-5,local,cold,5,True,2,-1.6928245283033938,-11.95909458497766,3.090356207023559
paired,many-5,local,duplicate,5,True,5,11.906028235066124,4.514931421093882,13.36725972198507
paired,many-16,memory,cold,5,True,4,6.975789569664748,-1.3847922432710602,9.18995394731329
paired,many-16,memory,duplicate,5,True,5,20.41486426296405,10.573591513314007,22.341026499465656
paired,many-16,local,cold,5,True,4,12.251878038268115,-1.4162196131401572,16.214294349782556
paired,many-16,local,duplicate,5,True,5,21.64826297379835,20.427116726253345,24.315813259456952
paired,many-periodic,memory,cold,5,True,5,5.516051787906784,2.103722999517954,7.242277503965566
paired,many-periodic,memory,duplicate,5,True,5,6.084498846262488,0.6131529551838599,10.646918555047158
paired,many-periodic,local,cold,5,True,5,3.4864917446731702,2.7221878429152024,5.838474099207924
paired,many-periodic,local,duplicate,5,True,4,3.056420380461744,-1.1508719796757827,4.4901807222382795
paired,one-permit,memory,cold,5,True,1,-0.8528653533967478,-5.016077482781056,5.901348082157609
paired,one-permit,memory,duplicate,5,True,2,-2.961203853095973,-11.468451830756887,11.31299681479635
paired,one-permit,local,cold,5,True,3,0.21381262492637942,-1.1380036603147792,1.4263348258409692
paired,one-permit,local,duplicate,5,True,4,3.194051754322258,-1.6164140970636787,10.815735389319169
paired,three-permits,memory,cold,5,True,4,3.239871479583345,-25.547420556821756,7.011491582967588
paired,three-permits,memory,duplicate,5,True,2,-0.841515933758763,-3.853495372803839,4.679270466814767
paired,three-permits,local,cold,5,True,3,0.6061635307688329,-1.4545840069358995,1.2508776442564207
paired,three-permits,local,duplicate,5,True,4,2.7539463279571796,-1.390962307981658,3.7762907500995424
paired,four-permits,memory,cold,5,True,5,5.468816821413847,2.8887938367557764,8.449357139385594
paired,four-permits,memory,duplicate,5,True,5,5.361659201907787,3.2489601035313953,6.490983516635684
paired,four-permits,local,cold,5,True,2,-7.785821659585812,-23.462922725861326,23.42049457213079
paired,four-permits,local,duplicate,5,True,5,7.899414614578582,0.8013819809891132,32.14814858871563
paired,default-4,memory,cold,5,True,3,1.1780042062513596,-12.262473806847996,11.338955556329989
paired,default-4,memory,duplicate,5,True,4,4.776045705537069,-3.7424756232298018,15.894106924636898
paired,default-4,local,cold,5,True,2,-1.250216712340313,-24.42689074118025,3.9593694067777907
paired,default-4,local,duplicate,5,True,4,4.151690014567944,-4.1371039666599385,6.64939809844155
paired,default-16,memory,cold,5,True,5,5.372127977851838,2.7843222382530675,16.19477407041928
paired,default-16,memory,duplicate,5,True,3,0.06653431522163356,-3.1584914792766705,4.391160806657313
paired,default-16,local,cold,5,True,2,-1.9763419405521843,-3.931744439625562,8.884420953226691
paired,default-16,local,duplicate,5,True,5,4.322561776447209,0.5918904053238028,16.182542949748413
paired,default-periodic,memory,cold,5,True,3,2.8832980404052244,-5.578434993385506,6.607877458108802
paired,default-periodic,memory,duplicate,5,True,5,2.6864560754218614,1.5335390891598744,13.162216508764303
paired,default-periodic,local,cold,5,True,5,6.028053124510913,2.0234266910585386,8.294053747846508
paired,default-periodic,local,duplicate,5,True,5,5.438143327913425,1.589844275048602,10.302734416611049
paired,small--1,memory,cold,5,True,4,2.714275613377648,-20.449066291358786,16.4507339503325
paired,small--1,memory,duplicate,5,True,2,-3.5912192715612967,-4.842761296066644,3.551262784691922
paired,small--1,local,cold,5,True,2,-0.44754566943929763,-9.154959045929001,7.015076489851446
paired,small--1,local,duplicate,5,True,5,5.0691032646126954,1.855675830840886,16.357809129145906
paired,small-+0,memory,cold,5,True,3,0.6573285893660352,-9.443165371283179,8.541971128957627
paired,small-+0,memory,duplicate,5,True,4,2.1103733274489,-2.1582199197435203,7.896473926365255
paired,small-+0,local,cold,5,True,3,0.8843268312644925,-8.541246337128317,6.811879474811278
paired,small-+0,local,duplicate,5,True,2,-3.7631409871714316,-5.0506523354233,7.190677393837664
paired,small-+1,memory,cold,5,True,3,1.3346776544044148,-7.626533499953814,10.206137035410844
paired,small-+1,memory,duplicate,5,True,2,-1.7057983433304669,-8.091532353705233,4.188046344211893
paired,small-+1,local,cold,5,True,1,-8.058451844244452,-12.294348416632772,4.393760739351604
paired,small-+1,local,duplicate,5,True,3,4.999933102313325,-75.4576186476562,62.025586129624465
paired,byte-cap--2,memory,cold,5,True,3,2.13026733745898,-1.0621735664969378,6.0821936846295666
paired,byte-cap--2,memory,duplicate,5,True,4,2.7336067424333144,-0.44149500261982944,8.22130882436345
paired,byte-cap--2,local,cold,5,True,3,0.8414085849376529,-4.813038188318219,16.530557917765265
paired,byte-cap--2,local,duplicate,5,True,5,5.871118265178776,3.846355735452911,14.4739072276315
paired,byte-cap-+0,memory,cold,5,True,2,-0.8288366694164662,-6.553861613779954,14.345017778718693
paired,byte-cap-+0,memory,duplicate,5,True,2,-0.07322828184981311,-10.684573530671337,3.8021703025999387
paired,byte-cap-+0,local,cold,5,True,3,6.84788279888644,-2.626035811750871,12.972392511549069
paired,byte-cap-+0,local,duplicate,5,True,5,12.612921829198875,0.4542832419959564,17.54727783996878
paired,byte-cap-+2,memory,cold,5,True,3,5.319980750077747,-6.737935679518703,10.651527808748495
paired,byte-cap-+2,memory,duplicate,5,True,3,0.12198232664790698,-4.472128961397681,5.325920595760236
paired,byte-cap-+2,local,cold,5,True,3,3.485420391370253,-0.15374546686770518,7.03236334023919
paired,byte-cap-+2,local,duplicate,5,True,5,5.786615082466595,3.0889026523293617,12.274560483113273
paired,oversized,memory,cold,5,True,2,-0.5085871021279553,-20.32882249548882,4.999307653363905
paired,oversized,memory,duplicate,5,True,3,7.6457106965065025,-3.673891405229801,11.675820862728447
paired,oversized,local,cold,5,True,0,-2.702868148648885,-11.526626481828117,-0.4787865054046714
paired,oversized,local,duplicate,5,True,1,-2.6868043757661386,-9.286674810401951,5.532371793198365
repeat,many-1,memory,cold,5,True,2,-0.49159266048686145,-9.196267667691792,0.9142179903590564
repeat,many-1,memory,duplicate,5,True,1,-3.5249772516942057,-7.806479247372677,1.6574126703158942
repeat,many-1,local,cold,5,True,2,-1.569717280665528,-2.7291143491150915,6.877015531103581
repeat,many-1,local,duplicate,5,True,4,2.201946550046674,-1.5453853351414581,11.503817777469116
repeat,many-4,memory,cold,5,True,5,6.174390759893134,2.778866708540473,8.255844152455316
repeat,many-4,memory,duplicate,5,True,4,5.752835550273449,-1.3932831852833116,10.076441935099167
repeat,many-4,local,cold,5,True,4,0.19428163397521292,-41.45281840994804,3.250274980140555
repeat,many-4,local,duplicate,5,True,2,-1.4425225338733139,-53.12227337127551,5.996152503090224
repeat,many-16,memory,cold,5,True,4,9.52353262214406,-2.551605711193683,14.26767952022564
repeat,many-16,memory,duplicate,5,True,5,21.44103702194238,14.848213279484368,27.54075475910126
repeat,many-16,local,cold,5,True,5,9.7763760910191,7.873598940521653,13.115037961527365
repeat,many-16,local,duplicate,5,True,5,19.695033077317802,11.611109640108076,26.254834389106474
repeat,default-4,memory,cold,5,True,2,-2.5943381187394365,-13.804414496091667,4.069546233798793
repeat,default-4,memory,duplicate,5,True,5,1.2283721627027178,0.6624851072002169,6.041203771349613
repeat,default-4,local,cold,5,True,2,-0.9818652520152682,-5.1749780277362545,10.807792272119688
repeat,default-4,local,duplicate,5,True,4,5.715140128063279,-8.332433200382262,10.042908872470369
repeat,default-16,memory,cold,5,True,3,0.24244831796048638,-1.6847460518488067,12.58148519584471
repeat,default-16,memory,duplicate,5,True,5,2.727967025661482,0.34586445859362547,5.77958675420378
repeat,default-16,local,cold,5,True,3,6.538954067170522,-11.02831820280481,11.37984741529683
repeat,default-16,local,duplicate,5,True,4,4.669612353973851,-0.7753789635925656,8.202862570837699
repeat,oversized,memory,cold,5,True,0,-2.4295435802445198,-3.6880424937540957,-0.713124468560955
repeat,oversized,memory,duplicate,5,True,4,2.9968911417677435,-17.73837195532504,12.737867471928677
repeat,oversized,local,cold,5,True,4,2.2995440577294746,-1.6186323784515677,4.214214486809487
repeat,oversized,local,duplicate,5,True,2,-1.2043967358539964,-1.766036419034811,6.4618309997113155
repeat,small-+1,memory,cold,5,True,3,5.169879165031865,-7.685273536895676,10.288739968561266
repeat,small-+1,memory,duplicate,5,True,2,-1.6856570283424022,-7.129309254767624,7.4556641331885665
repeat,small-+1,local,cold,5,True,4,1.5516682773144441,-8.122359895486353,9.176304479821507
repeat,small-+1,local,duplicate,5,True,3,4.27844102313788,-18.260357916792238,18.090940249057464
