case,samples,host_intervals,competing_build_intervals,external_cpu_fraction_max
disabled-small,80,4,4,0.17705974720310982
disabled-large,80,116,116,0.4621117654051101
cpu-only,40,74,74,0.46449636511938663
buffers-only,120,174,174,0.48728135399608796
both,40,72,37,0.4539919655944759
over-cpu,40,59,0,0.2649086133590768
same-binary,40,62,28,0.3541265207055512
existing-controls,80,139,139,0.5770958532321626
capacity,120,201,201,0.4532741746112216
source-boundary,80,107,96,0.45420554191919066
tiny,40,6,0,0.14363893725117358
large,40,42,0,0.2974634766047178
clustered,40,47,0,0.14593289286186062
memory,40,44,0,0.15648737062394386
disabled-large-repeat,40,55,0,0.11271154571496499
concurrency-boundary,120,113,9,0.16820618633088755
