case,operation,files,file_bytes,packed,decode_workers,max_buffered_bytes,content,backend,imports,requested_shared_cpu_limit,requested_source_buffer_bytes,requested_destination_buffer_bytes,requested_chunk_upload_concurrency,pairs,enough_samples,cold_hwm_comparison,blob_deltas,baseline_wall_median_seconds,baseline_hwm_before_median_mib,baseline_hwm_before_min_mib,baseline_hwm_before_max_mib,baseline_hwm_after_median_mib,baseline_hwm_after_min_mib,baseline_hwm_after_max_mib,baseline_peak_source_buffer_mib,baseline_peak_destination_buffer_mib,baseline_chunk_upload_concurrency,baseline_peak_cpu_jobs_max,baseline_reserved_spill_median_mib,baseline_io_rchar_median_bytes,baseline_io_wchar_median_bytes,baseline_io_read_bytes_median_bytes,baseline_io_write_bytes_median_bytes,baseline_io_cancelled_write_bytes_median_bytes,candidate_wall_median_seconds,candidate_hwm_before_median_mib,candidate_hwm_before_min_mib,candidate_hwm_before_max_mib,candidate_hwm_after_median_mib,candidate_hwm_after_min_mib,candidate_hwm_after_max_mib,candidate_peak_source_buffer_mib,candidate_peak_destination_buffer_mib,candidate_chunk_upload_concurrency,candidate_peak_cpu_jobs_max,candidate_reserved_spill_median_mib,candidate_io_rchar_median_bytes,candidate_io_wchar_median_bytes,candidate_io_read_bytes_median_bytes,candidate_io_write_bytes_median_bytes,candidate_io_cancelled_write_bytes_median_bytes,baseline_user_ticks_median,baseline_system_ticks_median,baseline_cpu_median_seconds,candidate_user_ticks_median,candidate_system_ticks_median,candidate_cpu_median_seconds,cpu_ticks_per_second,cpu_added_ticks_median,cpu_zero_baseline_pairs,cpu_reduction_median_percent,time_reduction_median_percent,time_reduction_min_percent,time_reduction_max_percent,faster_pairs,paired_hwm_reduction_median_mib,paired_hwm_reduction_min_mib,paired_hwm_reduction_max_mib
disabled-small,cold,16,1024,True,1,67108864,random,local,1,0,0,0,32,5,True,True,0,0.023438624,21.11328125,16.9140625,23.0625,22.8984375,20.16796875,24.87109375,0.0,0.0,32,0,0.0,,,,,,0.016394681,21.16796875,18.875,23.17578125,22.8125,21.07421875,24.94140625,0.0,0.0,32,0,0.0,,,,,,1,1,0.02,1,1,0.01,100,-1,1,50.0,30.052715551902708,-12.654650794856481,44.286702925214385,4,-0.03125,-3.8515625,3.796875
disabled-small,cold,16,1024,True,1,67108864,random,local,4,0,0,0,32,5,True,True,0,0.025610103,40.1875,38.19140625,42.12890625,44.14453125,42.0703125,46.41796875,0.0,0.0,32,0,0.0,,,,,,0.025205211,40.203125,40.1875,40.26171875,44.3359375,44.0859375,47.23046875,0.0,0.0,32,0,0.0,,,,,,3,2,0.05,3,2,0.05,100,0,0,0.0,1.5530653584218235,-31.41649126051691,5.174818786015367,3,-0.57421875,-2.25,0.0546875
disabled-small,subtree-delta,16,1024,True,1,67108864,random,local,1,0,0,0,32,5,True,False,0,0.010287662,23.39453125,20.71484375,25.48046875,23.484375,20.80859375,25.58984375,0.0,0.0,32,0,0.0,,,,,,0.011973225,23.24609375,21.67578125,25.4296875,23.359375,21.8515625,25.55078125,0.0,0.0,32,0,0.0,,,,,,0,1,0.01,1,0,0.01,100,0,1,0.0,-13.97125689583143,-127.07479293398754,8.269935384735605,1,-0.1484375,-3.734375,3.73828125
disabled-small,subtree-delta,16,1024,True,1,67108864,random,local,4,0,0,0,32,5,True,False,0,0.015773951,46.9765625,42.8828125,47.3515625,47.3984375,43.26953125,47.89453125,0.0,0.0,32,0,0.0,,,,,,0.015465551,45.17578125,44.9375,52.79296875,45.59765625,45.4453125,53.5,0.0,0.0,32,0,0.0,,,,,,1,1,0.03,1,2,0.03,100,0,0,0.0,-2.240947749869382,-8.84438755976551,11.165900267215157,2,-0.16015625,-5.60546875,1.953125
disabled-small,warm,16,1024,True,1,67108864,random,local,1,0,0,0,32,5,True,False,0,0.005954321,23.22265625,20.59765625,25.2109375,23.25390625,20.640625,25.3125,0.0,0.0,32,0,0.0,,,,,,0.005587962,23.09375,21.49609375,25.26171875,23.13671875,21.55078125,25.296875,0.0,0.0,32,0,0.0,,,,,,0,0,0.0,0,0,0.0,100,0,3,100.0,1.7007400464725708,-7.077662973539622,13.243222862858762,3,-0.1328125,-3.76953125,3.76171875
disabled-small,warm,16,1024,True,1,67108864,random,local,4,0,0,0,32,5,True,False,0,0.008193448,44.609375,42.48046875,46.921875,46.703125,42.625,47.02734375,0.0,0.0,32,0,0.0,,,,,,0.008370662,44.75390625,44.44140625,51.6484375,44.875,44.6171875,51.9140625,0.0,0.0,32,0,0.0,,,,,,1,1,0.02,1,1,0.02,100,0,0,0.0,0.6099935439574544,-19.478421322004813,6.318474601855706,3,-0.14453125,-4.88671875,2.0859375
disabled-small,wide-delta,16,1024,True,1,67108864,random,local,1,0,0,0,32,5,True,False,0,0.012653956,23.5703125,20.86328125,25.67578125,23.6640625,20.9765625,25.77734375,0.0,0.0,32,0,0.0,,,,,,0.011973125,23.4375,21.984375,25.65625,23.55859375,22.10546875,25.78125,0.0,0.0,32,0,0.0,,,,,,1,0,0.01,1,1,0.01,100,1,2,0.0,2.936960032382252,-274.39800080899676,12.456441024670594,3,-0.10546875,-3.7265625,3.671875
disabled-small,wide-delta,16,1024,True,1,67108864,random,local,4,0,0,0,32,5,True,False,0,0.016969734,47.61328125,43.546875,49.9921875,48.0546875,43.95703125,50.4375,0.0,0.0,32,0,0.0,,,,,,0.017315274,46.578125,45.765625,56.23828125,46.9609375,46.2734375,57.00390625,0.0,0.0,32,0,0.0,,,,,,2,2,0.04,2,2,0.04,100,0,0,0.0,4.437572765974718,-12.202183015950618,29.547198451665647,3,-0.5546875,-7.9140625,3.4765625
disabled-large,cold,16,1048577,True,4,67108864,random,local,1,0,0,0,32,5,True,True,0,0.24508246,21.61328125,21.30859375,21.6328125,82.76171875,78.1796875,85.203125,0.0,0.0,32,0,0.0,,,,,,0.187106083,21.67578125,19.7578125,21.703125,81.7265625,77.796875,91.3671875,0.0,0.0,32,0,0.0,,,,,,22,9,0.31,17,8,0.24,100,-3,0,9.090909090909093,6.895581301516374,-1.9688700012656213,27.461277108428217,4,3.4765625,-13.1875,6.40234375
disabled-large,cold,16,1048577,True,4,67108864,random,local,4,0,0,0,32,5,True,True,0,0.730812209,42.64453125,40.5625,42.75390625,272.8671875,256.68359375,283.2890625,0.0,0.0,32,0,0.0,,,,,,0.751465118,42.6640625,38.6875,42.671875,267.87890625,261.1875,291.359375,0.0,0.0,32,0,0.0,,,,,,74,31,1.05,75,34,1.09,100,6,0,-5.714285714285716,-10.340277733167635,-14.921041580544836,17.76426604665963,1,-4.50390625,-8.0703125,13.6796875
disabled-large,subtree-delta,16,1048577,True,4,67108864,random,local,1,0,0,0,32,5,True,False,0,0.034503299,87.08203125,85.83203125,88.16015625,87.10546875,85.91796875,88.2578125,0.0,0.0,32,0,0.0,,,,,,0.027017733,84.54296875,83.26171875,92.84765625,84.58984375,83.34375,92.9375,0.0,0.0,32,0,0.0,,,,,,1,0,0.01,1,0,0.01,100,0,1,16.666666666666668,24.815733697357388,-15.035960922161372,62.070432743257385,4,2.515625,-7.01953125,3.671875
disabled-large,subtree-delta,16,1048577,True,4,67108864,random,local,4,0,0,0,32,5,True,False,0,0.037500512,272.8671875,256.68359375,316.6796875,272.8671875,256.68359375,316.984375,0.0,0.0,32,0,0.0,,,,,,0.037061636,275.8046875,261.1875,291.359375,275.8046875,261.1875,293.265625,0.0,0.0,32,0,0.0,,,,,,2,3,0.04,2,2,0.04,100,0,0,0.0,2.0276525714491123,-78.14926385925185,4.760817105644022,3,-2.9375,-33.34765625,38.1484375
disabled-large,warm,16,1048577,True,4,67108864,random,local,1,0,0,0,32,5,True,False,0,0.022037496,85.87890625,84.328125,87.671875,85.94140625,84.390625,87.703125,0.0,0.0,32,0,0.0,,,,,,0.02090837,83.1484375,81.78125,91.68359375,83.20703125,81.84375,91.75,0.0,0.0,32,0,0.0,,,,,,0,0,0.01,0,1,0.01,100,0,1,0.0,2.952585901773952,-19.477008562214458,30.43685677019369,3,2.765625,-7.359375,4.49609375
disabled-large,warm,16,1048577,True,4,67108864,random,local,4,0,0,0,32,5,True,False,0,0.016798291,272.8671875,256.68359375,306.62890625,272.8671875,256.68359375,306.83984375,0.0,0.0,32,0,0.0,,,,,,0.026404519,275.8046875,261.1875,291.359375,275.8046875,261.1875,291.359375,0.0,0.0,32,0,0.0,,,,,,1,1,0.02,1,1,0.02,100,0,0,0.0,-3.0507238523197255,-148.84304380027342,3.5781735177703555,2,-2.9375,-23.51953125,29.14453125
disabled-large,wide-delta,16,1048577,True,4,67108864,random,local,1,0,0,0,32,5,True,False,0,0.03430721,88.6328125,87.6875,89.89453125,88.6640625,87.7421875,89.97265625,0.0,0.0,32,0,0.0,,,,,,0.02675592,85.23828125,84.0859375,93.3046875,87.25390625,84.125,93.3671875,0.0,0.0,32,0,0.0,,,,,,1,1,0.02,1,0,0.01,100,-1,0,50.0,17.244861940099465,-0.898833211089145,41.527480428614346,4,1.96875,-4.703125,3.6171875
disabled-large,wide-delta,16,1048577,True,4,67108864,random,local,4,0,0,0,32,5,True,False,0,0.036637417,272.8671875,256.68359375,322.56640625,272.8671875,256.68359375,322.8984375,0.0,0.0,32,0,0.0,,,,,,0.039913976,275.8046875,261.1875,297.5546875,275.8046875,261.1875,297.75390625,0.0,0.0,32,0,0.0,,,,,,3,2,0.05,2,2,0.05,100,0,0,0.0,-5.879562500798929,-29.17960709869787,5.70869980572164,2,-2.9375,-37.8359375,41.57421875
cpu-only,cold,16,1048577,True,4,67108864,random,local,4,4,0,0,32,5,True,True,0,0.902051105,40.7265625,38.59375,44.58984375,267.4296875,260.69140625,282.22265625,0.0,0.0,32,0,0.0,,,,,,0.8070117,40.8984375,40.77734375,43.0625,230.6796875,224.85546875,234.07421875,0.0,0.0,32,4,0.0,,,,,,87,37,1.24,82,30,1.12,100,-23,0,16.666666666666664,13.311485422411595,-19.473262723724293,21.391103223580664,4,35.24609375,28.55078125,57.3671875
cpu-only,subtree-delta,16,1048577,True,4,67108864,random,local,4,4,0,0,32,5,True,False,0,0.038474847,271.33984375,262.625,292.62109375,271.54296875,262.625,292.8515625,0.0,0.0,32,0,0.0,,,,,,0.033392817,230.6796875,224.85546875,234.07421875,230.6796875,224.85546875,234.07421875,0.0,0.0,32,4,0.0,,,,,,2,2,0.04,2,2,0.04,100,-1,0,19.999999999999996,-9.065615594062093,-37.95106162873123,58.20141466755442,2,40.96484375,28.55078125,63.4140625
cpu-only,warm,16,1048577,True,4,67108864,random,local,4,4,0,0,32,5,True,False,0,0.027781822,267.4296875,262.625,284.41796875,267.5390625,262.625,284.56640625,0.0,0.0,32,0,0.0,,,,,,0.024761545,230.6796875,224.85546875,234.07421875,230.6796875,224.85546875,234.07421875,0.0,0.0,32,0,0.0,,,,,,1,1,0.03,1,1,0.02,100,0,0,0.0,-3.622453195586006,-76.1489754699807,65.27735132442541,2,36.9609375,28.55078125,58.8125
cpu-only,wide-delta,16,1048577,True,4,67108864,random,local,4,4,0,0,32,5,True,False,0,0.038298956,273.15625,262.625,296.08984375,273.23046875,262.625,296.28515625,0.0,0.0,32,0,0.0,,,,,,0.03804116,230.6796875,224.85546875,234.07421875,230.6796875,224.85546875,234.07421875,0.0,0.0,32,4,0.0,,,,,,2,3,0.05,2,2,0.04,100,-1,0,16.666666666666664,0.3282728563872239,-5.673760402241768,15.696807228360765,3,42.65234375,28.55078125,65.76953125
buffers-only,cold,16,1048577,True,4,67108864,random,local,1,0,16777216,16777216,32,5,True,True,0,0.20033934,21.62890625,21.578125,21.6484375,80.8125,79.25,86.99609375,0.0,0.0,32,0,0.0,,,,,,0.254872514,21.87109375,21.80078125,21.8984375,56.921875,56.296875,58.04296875,16.0,14.9375,32,0,0.0,,,,,,17,9,0.26,17,8,0.25,100,-1,0,3.8461538461538436,-27.220402143682797,-87.02922057908162,13.766960196632727,2,23.74609375,22.76953125,30.07421875
buffers-only,cold,16,1048577,True,4,67108864,random,local,2,0,16777216,16777216,32,5,True,True,0,0.41925515,28.0625,27.93359375,32.0625,150.2265625,143.51953125,154.08984375,0.0,0.0,32,0,0.0,,,,,,0.516582483,28.1640625,26.234375,28.27734375,84.93359375,82.76171875,86.80859375,16.0,14.9375,32,0,0.0,,,,,,38,16,0.55,37,13,0.5,100,-5,0,9.090909090909093,-23.21434405755063,-47.13978544418352,-5.735585187433845,0,63.92578125,57.72265625,70.40625
buffers-only,cold,16,1048577,True,4,67108864,random,local,4,0,16777216,16777216,32,5,True,True,0,0.596043175,40.7578125,40.6015625,44.6171875,258.06640625,253.78125,282.77734375,0.0,0.0,32,0,0.0,,,,,,0.849239072,40.859375,40.7890625,42.77734375,138.58984375,136.34765625,140.14453125,16.0,14.9375,32,0,0.0,,,,,,59,28,0.86,62,20,0.83,100,-2,0,2.352941176470591,-45.968218199581166,-88.2753306058754,-34.29634036899649,0,121.38671875,114.4921875,146.4296875
buffers-only,subtree-delta,16,1048577,True,4,67108864,random,local,1,0,16777216,16777216,32,5,True,False,0,0.027413809,84.9765625,83.7578125,91.72265625,85.03125,83.7890625,91.78125,0.0,0.0,32,0,0.0,,,,,,0.02730292,57.4765625,56.68359375,58.15234375,57.4921875,56.73828125,58.1640625,16.0,14.9375,32,0,0.0,,,,,,0,0,0.0,1,1,0.01,100,1,3,0.0,0.49783326535671746,-46.43874865113651,45.259135642186756,3,27.54296875,26.75,34.2890625
buffers-only,subtree-delta,16,1048577,True,4,67108864,random,local,2,0,16777216,16777216,32,5,True,False,0,0.030778394,156.484375,150.734375,161.36328125,156.6640625,150.734375,161.47265625,0.0,0.0,32,0,0.0,,,,,,0.035279018,85.140625,83.0234375,87.54296875,85.1484375,83.02734375,87.5703125,16.0,14.9375,32,0,0.0,,,,,,1,1,0.02,1,1,0.02,100,-1,0,33.333333333333336,-16.216369184175107,-91.78322346851344,11.999140103091799,1,70.1796875,63.1640625,78.4453125
buffers-only,subtree-delta,16,1048577,True,4,67108864,random,local,4,0,16777216,16777216,32,5,True,False,0,0.034683288,258.06640625,253.78125,282.77734375,258.06640625,253.78125,282.77734375,0.0,0.0,32,0,0.0,,,,,,0.034645396,141.23828125,138.59765625,143.60546875,141.29296875,138.703125,143.65234375,16.0,14.9375,32,0,0.0,,,,,,2,2,0.04,2,1,0.03,100,0,0,0.0,8.836395473589976,-16.58067207717673,36.43665998159521,3,119.36328125,110.12890625,140.67578125
buffers-only,warm,16,1048577,True,4,67108864,random,local,1,0,16777216,16777216,32,5,True,False,0,0.021398162,83.19921875,81.578125,90.0234375,83.26953125,81.66015625,90.10546875,0.0,0.0,32,0,0.0,,,,,,0.023163276,57.02734375,56.39453125,58.08984375,57.0390625,56.39453125,58.09765625,0.0,0.0,32,0,0.0,,,,,,0,0,0.0,0,1,0.01,100,0,3,0.0,-8.318761209490798,-170.43038523685973,68.22921771861627,2,26.38671875,25.171875,33.06640625
buffers-only,warm,16,1048577,True,4,67108864,random,local,2,0,16777216,16777216,32,5,True,False,0,0.024673379,152.5625,149.3125,158.33984375,152.69140625,149.4140625,158.4609375,0.0,0.0,32,0,0.0,,,,,,0.024463574,85.140625,82.99609375,86.890625,85.140625,82.99609375,86.9296875,0.0,0.0,32,0,0.0,,,,,,0,1,0.01,1,0,0.01,100,0,0,0.0,5.34557630279976,-82.1813368235654,20.258505138853742,3,66.21875,63.8046875,75.46484375
buffers-only,warm,16,1048577,True,4,67108864,random,local,4,0,16777216,16777216,32,5,True,False,0,0.025253552,258.06640625,253.78125,282.77734375,258.06640625,253.78125,282.77734375,0.0,0.0,32,0,0.0,,,,,,0.024931305,139.140625,136.4921875,140.55859375,139.2265625,136.98046875,140.66015625,0.0,0.0,32,0,0.0,,,,,,1,1,0.02,1,1,0.02,100,0,0,0.0,1.3047663533856113,-28.69080829494912,33.343016459625154,3,121.0859375,114.15625,145.640625
buffers-only,wide-delta,16,1048577,True,4,67108864,random,local,1,0,16777216,16777216,32,5,True,False,0,0.025930276,85.703125,84.703125,92.2265625,85.734375,84.76171875,92.2421875,0.0,0.0,32,0,0.0,,,,,,0.031036671,57.4921875,57.00390625,58.1796875,57.5234375,57.01171875,58.1875,16.0,14.9375,32,0,0.0,,,,,,0,0,0.01,1,1,0.02,100,1,2,-100.0,-12.109698825300974,-70.03288191141168,-6.565941768765704,0,28.09765625,27.546875,34.71875
buffers-only,wide-delta,16,1048577,True,4,67108864,random,local,2,0,16777216,16777216,32,5,True,False,0,0.030067997,158.3515625,150.734375,162.4921875,158.484375,150.734375,162.6328125,0.0,0.0,32,0,0.0,,,,,,0.029684295,85.1484375,83.02734375,87.6640625,85.15234375,83.03515625,87.69921875,16.0,14.9375,32,0,0.0,,,,,,1,1,0.02,1,1,0.02,100,0,1,0.0,1.119117667780134,-59.409041661266926,57.34941070870154,3,71.953125,63.03515625,79.59765625
buffers-only,wide-delta,16,1048577,True,4,67108864,random,local,4,0,16777216,16777216,32,5,True,False,0,0.025666479,258.06640625,253.78125,282.77734375,258.06640625,253.78125,282.77734375,0.0,0.0,32,0,0.0,,,,,,0.035896411,141.90234375,139.19140625,144.3046875,141.90625,139.33984375,144.31640625,16.0,14.9375,32,0,0.0,,,,,,3,2,0.05,2,2,0.04,100,0,0,0.0,-36.45802622767014,-156.48625704132968,8.647137912571823,1,118.7265625,109.46484375,139.9453125
both,cold,16,1048577,True,4,67108864,random,local,4,4,16777216,16777216,32,5,True,True,0,0.66642436,40.67578125,40.63671875,42.6875,259.64453125,258.4921875,275.84375,0.0,0.0,32,0,0.0,,,,,,0.944652963,42.76953125,40.79296875,42.890625,137.73828125,136.12890625,145.42578125,16.0,14.9375,32,4,0.0,,,,,,65,29,0.94,71,22,0.93,100,-9,0,8.823529411764708,-27.412452722160687,-190.39607219610494,-15.798630516180312,0,122.36328125,113.29296875,135.59375
both,subtree-delta,16,1048577,True,4,67108864,random,local,4,4,16777216,16777216,32,5,True,False,0,0.034161134,266.63671875,258.4921875,275.84375,266.8828125,258.4921875,275.84375,0.0,0.0,32,0,0.0,,,,,,0.027428607,141.7890625,139.2421875,146.71875,141.87890625,139.25390625,146.7734375,16.0,14.9375,32,1,0.0,,,,,,3,3,0.05,2,2,0.04,100,-1,0,33.333333333333336,-9.689440745398192,-16.428661296782465,52.69475147686885,2,127.62890625,112.9453125,130.45703125
both,warm,16,1048577,True,4,67108864,random,local,4,4,16777216,16777216,32,5,True,False,0,0.024119546,264.16015625,258.4921875,275.84375,264.3828125,258.4921875,275.84375,0.0,0.0,32,0,0.0,,,,,,0.021097385,137.921875,136.37109375,145.71875,138.421875,136.70703125,145.72265625,0.0,0.0,32,0,0.0,,,,,,1,1,0.02,1,1,0.02,100,1,0,-50.0,12.836370973970046,-177.64720636584866,40.98346924305443,3,126.35546875,112.99609375,134.65234375
both,wide-delta,16,1048577,True,4,67108864,random,local,4,4,16777216,16777216,32,5,True,False,0,0.034805007,267.3203125,258.4921875,275.84375,267.48828125,258.4921875,275.84375,0.0,0.0,32,0,0.0,,,,,,0.038367073,142.20703125,139.57421875,148.5078125,142.234375,139.79296875,148.515625,16.0,14.9375,32,1,0.0,,,,,,2,2,0.04,2,2,0.04,100,0,0,0.0,-15.21580214019207,-83.74095137279379,20.585761713693085,2,127.328125,112.9296875,130.12890625
over-cpu,cold,16,1048577,True,4,67108864,random,local,4,4,16777216,16777216,32,5,True,True,0,0.569689812,40.84765625,40.6640625,42.67578125,222.5,217.61328125,230.671875,0.0,0.0,32,4,0.0,,,,,,0.811272974,40.78125,38.84765625,40.85546875,136.75390625,134.24609375,144.015625,16.0,14.9375,32,4,0.0,,,,,,60,26,0.85,57,18,0.76,100,-10,0,11.627906976744185,-34.58354555857177,-47.858194276431966,-15.25217666129035,0,85.74609375,78.1640625,96.42578125
over-cpu,subtree-delta,16,1048577,True,4,67108864,random,local,4,4,16777216,16777216,32,5,True,False,0,0.032559749,222.5,217.61328125,230.671875,222.5,217.61328125,230.671875,0.0,0.0,32,4,0.0,,,,,,0.035164443,139.55859375,138.4453125,145.0,139.57421875,138.48046875,145.0234375,16.0,14.9375,32,1,0.0,,,,,,1,2,0.03,2,2,0.04,100,1,0,-33.33333333333333,-7.631655874845622,-70.97216675629716,10.70704871244712,1,82.36328125,77.15625,92.19140625
over-cpu,warm,16,1048577,True,4,67108864,random,local,4,4,16777216,16777216,32,5,True,False,0,0.02318675,222.5,217.61328125,230.671875,222.5,217.61328125,230.671875,0.0,0.0,32,0,0.0,,,,,,0.024894645,136.921875,134.56640625,144.95703125,137.1640625,135.00390625,144.96875,0.0,0.0,32,0,0.0,,,,,,1,2,0.02,1,1,0.02,100,-1,0,33.333333333333336,-2.171442742083296,-177.63114286440674,17.712258235545374,1,85.3359375,77.2109375,95.66796875
over-cpu,wide-delta,16,1048577,True,4,67108864,random,local,4,4,16777216,16777216,32,5,True,False,0,0.034105389,222.5,217.61328125,230.671875,222.5,217.61328125,230.671875,0.0,0.0,32,4,0.0,,,,,,0.035422789,139.57421875,138.9609375,145.0234375,139.69140625,138.9609375,145.03515625,16.0,14.9375,32,1,0.0,,,,,,1,2,0.03,2,2,0.03,100,-1,0,25.0,-1.8776540533731456,-74.2332624150108,41.83551043622407,1,82.109375,77.14453125,91.7109375
same-binary,cold,16,1048577,True,4,67108864,random,local,4,0,16777216,16777216,32,5,True,True,0,0.582724006,40.8515625,38.83984375,42.8359375,259.4140625,243.80859375,278.65625,0.0,0.0,32,0,0.0,,,,,,0.815212322,40.9140625,38.77734375,42.828125,136.77734375,134.609375,141.76953125,16.0,14.9375,32,0,0.0,,,,,,58,27,0.84,61,18,0.8,100,-4,0,4.878048780487809,-40.692461029890616,-58.1877912319934,-12.797789359464119,0,123.3828125,109.19921875,136.88671875
same-binary,subtree-delta,16,1048577,True,4,67108864,random,local,4,0,16777216,16777216,32,5,True,False,0,0.032970513,259.4140625,243.80859375,278.65625,259.4140625,243.80859375,278.65625,0.0,0.0,32,0,0.0,,,,,,0.035716753,141.2421875,136.48046875,146.58203125,141.33203125,136.5703125,146.609375,16.0,14.9375,32,0,0.0,,,,,,2,2,0.03,2,2,0.04,100,0,0,0.0,-7.1636340535777165,-10.101423050348046,-5.7098669242764855,0,117.38671875,107.23828125,135.00390625
same-binary,warm,16,1048577,True,4,67108864,random,local,4,0,16777216,16777216,32,5,True,False,0,0.019331711,259.4140625,243.80859375,278.65625,259.4140625,243.80859375,278.65625,0.0,0.0,32,0,0.0,,,,,,0.02478011,137.75390625,134.69140625,142.3984375,137.89453125,134.828125,142.5859375,0.0,0.0,32,0,0.0,,,,,,1,1,0.02,1,1,0.02,100,0,0,0.0,-16.89477714755934,-208.8441429459446,47.66987257361751,2,122.45703125,108.98046875,136.0703125
same-binary,wide-delta,16,1048577,True,4,67108864,random,local,4,0,16777216,16777216,32,5,True,False,0,0.032658285,259.4140625,243.80859375,279.421875,259.4140625,243.80859375,279.546875,0.0,0.0,32,0,0.0,,,,,,0.036402515,142.10546875,137.1796875,149.36328125,142.234375,137.18359375,149.390625,16.0,14.9375,32,0,0.0,,,,,,2,2,0.04,1,3,0.04,100,0,0,0.0,-11.828211171757342,-74.4005586596222,0.19923520430987773,1,116.59375,106.625,137.3125
existing-controls,cold,16,1048577,True,1,4194304,random,local,4,0,16777216,16777216,1,5,True,True,0,0.759015085,40.7578125,40.734375,43.0,184.265625,175.453125,199.0,0.0,0.0,1,0,0.0,,,,,,0.962266559,42.78125,40.83203125,42.81640625,144.26953125,139.1640625,151.00390625,12.875,10.4375,1,0,0.0,,,,,,75,30,1.05,66,22,0.89,100,-10,0,11.627906976744185,-39.563122335915104,-69.54892841062636,14.767347517227481,1,39.3984375,33.26171875,53.734375
existing-controls,cold,16,1048577,True,1,4194304,random,local,4,0,16777216,16777216,4,5,True,True,0,0.687467493,40.79296875,40.72265625,42.671875,183.91015625,176.09765625,196.14453125,0.0,0.0,4,0,0.0,,,,,,0.908913356,40.875,38.8515625,42.79296875,146.26953125,138.01171875,148.1953125,12.875,14.9375,4,0,0.0,,,,,,71,26,0.97,66,22,0.86,100,-11,0,11.340206185567014,-32.21183041450368,-45.99160479330124,-9.28162005852544,0,38.0859375,32.0234375,56.5078125
existing-controls,subtree-delta,16,1048577,True,1,4194304,random,local,4,0,16777216,16777216,1,5,True,False,0,0.034977191,184.265625,175.65234375,200.86328125,184.265625,175.71484375,200.89453125,0.0,0.0,1,0,0.0,,,,,,0.035235457,151.03125,143.05078125,152.11328125,151.06640625,143.11328125,152.21484375,12.875,10.4375,1,0,0.0,,,,,,2,3,0.05,2,2,0.04,100,-1,0,19.999999999999996,-0.738384051480856,-26.540381377467902,18.867222001584206,2,33.0234375,32.6015625,54.0
existing-controls,subtree-delta,16,1048577,True,1,4194304,random,local,4,0,16777216,16777216,4,5,True,False,0,0.035466312,186.5859375,179.0078125,199.4453125,186.6171875,179.08984375,199.53125,0.0,0.0,4,0,0.0,,,,,,0.03762674,147.609375,143.40234375,150.34765625,147.625,143.421875,150.39453125,12.875,14.9375,4,0,0.0,,,,,,2,3,0.05,2,2,0.04,100,-1,0,19.999999999999996,-2.588579679559011,-60.90766993600738,15.183813680571879,2,38.9921875,30.73828125,55.609375
existing-controls,warm,16,1048577,True,1,4194304,random,local,4,0,16777216,16777216,1,5,True,False,0,0.02598026,184.265625,175.6015625,200.703125,184.265625,175.6328125,200.76171875,0.0,0.0,1,0,0.0,,,,,,0.028450641,144.37890625,139.2265625,151.09765625,145.09375,139.8125,151.109375,0.0,0.0,1,0,0.0,,,,,,1,1,0.02,1,1,0.02,100,0,0,0.0,-12.038509015285005,-15.378818653767556,8.219271688565566,1,38.57421875,33.15625,55.11328125
existing-controls,warm,16,1048577,True,1,4194304,random,local,4,0,16777216,16777216,4,5,True,False,0,0.024554876,186.36328125,178.45703125,199.05078125,186.421875,178.47265625,199.11328125,0.0,0.0,4,0,0.0,,,,,,0.026547157,146.36328125,139.7421875,150.28515625,146.5390625,140.0078125,150.30078125,0.0,0.0,4,0,0.0,,,,,,1,1,0.02,1,2,0.03,100,1,0,-50.0,-6.077781281439099,-21.46481798177313,49.06890183440551,1,39.8828125,30.7109375,59.10546875
existing-controls,wide-delta,16,1048577,True,1,4194304,random,local,4,0,16777216,16777216,1,5,True,False,0,0.033109303,184.265625,176.84765625,200.93359375,184.265625,176.86328125,201.0390625,0.0,0.0,1,0,0.0,,,,,,0.032544159,151.95703125,143.6875,155.34375,153.640625,143.6953125,155.37109375,12.875,10.4375,1,0,0.0,,,,,,2,3,0.05,2,2,0.04,100,-1,0,16.666666666666664,-2.154358247891852,-75.37439048482184,52.00917816687676,2,31.359375,29.703125,52.80859375
existing-controls,wide-delta,16,1048577,True,1,4194304,random,local,4,0,16777216,16777216,4,5,True,False,0,0.03477465,188.6484375,181.14453125,199.71484375,188.671875,181.1640625,199.74609375,0.0,0.0,4,0,0.0,,,,,,0.03609166,147.83984375,143.8984375,150.41796875,147.8515625,143.91015625,150.43359375,12.875,14.9375,4,0,0.0,,,,,,2,2,0.04,1,2,0.04,100,-1,0,25.0,9.191528653268112,-64.43748616312375,58.2080292867995,3,40.8203125,30.76171875,55.0078125
capacity,cold,16,1048577,True,4,67108864,random,local,4,0,16777216,11534336,32,5,True,True,0,0.680074432,42.6640625,40.73046875,44.6640625,270.75,259.25,303.546875,0.0,0.0,32,0,0.0,,,,,,0.944659295,42.83984375,40.8046875,42.859375,145.703125,137.38671875,148.48828125,16.0,10.4375,32,0,0.0,,,,,,69,32,1.0,64,21,0.85,100,-16,0,14.28571428571429,-33.17589965798322,-56.216818774058886,2.391213890748667,1,124.609375,110.76171875,157.84375
capacity,cold,16,1048577,True,4,67108864,random,local,4,0,33554432,33554432,32,5,True,True,0,0.720268466,42.6953125,40.78125,42.7890625,276.17578125,260.94921875,279.76953125,0.0,0.0,32,0,0.0,,,,,,0.904261758,40.92578125,38.8984375,42.84375,135.90625,133.3984375,145.69921875,32.0,31.4375,32,0,0.0,,,,,,68,36,1.06,68,20,0.87,100,-16,0,15.533980582524276,-26.40763542325335,-33.45166342462089,5.9447766378293405,1,141.3203125,116.4375,145.69921875
capacity,cold,16,1048577,True,4,67108864,random,local,4,0,67108864,67108864,32,5,True,True,0,0.689194675,40.78125,38.7265625,44.90234375,266.79296875,252.6640625,280.57421875,0.0,0.0,32,0,0.0,,,,,,0.881717332,40.91015625,40.80078125,42.8359375,136.79296875,134.19140625,149.3046875,64.0,57.0,32,0,0.0,,,,,,71,31,1.02,64,19,0.85,100,-11,0,12.35955056179775,-35.20985825915264,-40.58518644535371,-16.87053429424712,0,128.8515625,116.43359375,143.78125
capacity,subtree-delta,16,1048577,True,4,67108864,random,local,4,0,16777216,11534336,32,5,True,False,0,0.036805052,270.75,259.25,312.0546875,270.75,259.25,312.296875,0.0,0.0,32,0,0.0,,,,,,0.035046671,147.8046875,142.91015625,150.89453125,147.8125,142.95703125,150.8984375,16.0,10.4375,32,0,0.0,,,,,,2,2,0.04,2,2,0.04,100,0,0,0.0,5.05412780966239,-71.55435662756886,40.18956962756091,4,122.9375,108.3515625,162.3671875
capacity,subtree-delta,16,1048577,True,4,67108864,random,local,4,0,33554432,33554432,32,5,True,False,0,0.03644824,279.76953125,260.94921875,291.93359375,279.76953125,260.94921875,292.171875,0.0,0.0,32,0,0.0,,,,,,0.03546014,137.94140625,136.1640625,147.1796875,138.03515625,136.3125,147.21484375,32.0,31.4375,32,0,0.0,,,,,,2,2,0.04,2,2,0.04,100,0,0,0.0,6.070793363580751,-29.443320349439837,39.056748946658985,3,141.734375,114.921875,155.859375
capacity,subtree-delta,16,1048577,True,4,67108864,random,local,4,0,67108864,67108864,32,5,True,False,0,0.036182039,267.9140625,252.6640625,280.57421875,270.06640625,252.6640625,280.57421875,0.0,0.0,32,0,0.0,,,,,,0.04045719,140.52734375,135.88671875,152.5625,140.54296875,137.8984375,152.58984375,64.0,57.0,32,0,0.0,,,,,,1,2,0.04,2,2,0.04,100,1,0,-25.0,-8.618707443276996,-34.76794000259407,36.29840761599975,2,125.14453125,111.66796875,140.03125
capacity,warm,16,1048577,True,4,67108864,random,local,4,0,16777216,11534336,32,5,True,False,0,0.027243698,270.75,259.25,306.0,270.75,259.25,306.19140625,0.0,0.0,32,0,0.0,,,,,,0.025339423,146.23828125,139.75,149.0,146.7578125,140.2734375,149.2265625,0.0,0.0,32,0,0.0,,,,,,1,1,0.02,1,1,0.02,100,0,0,0.0,15.557805413534497,0.8973253660478853,55.563602397391,5,123.5546875,110.0234375,159.43359375
capacity,warm,16,1048577,True,4,67108864,random,local,4,0,33554432,33554432,32,5,True,False,0,0.026894842,279.76953125,260.94921875,286.60546875,279.76953125,260.94921875,286.8046875,0.0,0.0,32,0,0.0,,,,,,0.025643335,136.0390625,133.59765625,146.44140625,136.37109375,133.98828125,146.5078125,0.0,0.0,32,0,0.0,,,,,,1,1,0.02,1,1,0.02,100,0,0,0.0,2.2531345633591715,-14.896921591260458,11.406075999624242,4,143.3984375,115.62890625,152.81640625
capacity,warm,16,1048577,True,4,67108864,random,local,4,0,67108864,67108864,32,5,True,False,0,0.025688357,266.79296875,252.6640625,280.57421875,266.79296875,252.6640625,280.57421875,0.0,0.0,32,0,0.0,,,,,,0.024296489,137.07421875,134.5859375,152.1640625,137.53515625,134.765625,152.18359375,0.0,0.0,32,0,0.0,,,,,,1,1,0.02,1,1,0.02,100,0,0,0.0,6.160076741061293,-125.54914384415268,36.040358672997264,4,128.27734375,114.609375,143.0390625
capacity,wide-delta,16,1048577,True,4,67108864,random,local,4,0,16777216,11534336,32,5,True,False,0,0.036412564,270.75,259.25,315.28125,270.75,259.25,315.52734375,0.0,0.0,32,0,0.0,,,,,,0.039145018,147.89453125,143.70703125,150.8984375,147.90625,143.71875,150.8984375,16.0,10.4375,32,0,0.0,,,,,,2,2,0.04,2,2,0.04,100,0,0,0.0,-7.380864367302764,-14.929083407111499,-4.123692495324716,0,122.84375,108.3515625,164.91015625
capacity,wide-delta,16,1048577,True,4,67108864,random,local,4,0,33554432,33554432,32,5,True,False,0,0.037894142,279.76953125,260.94921875,296.359375,279.76953125,260.94921875,296.4609375,0.0,0.0,32,0,0.0,,,,,,0.040110587,138.57421875,137.12109375,147.54296875,138.58984375,137.2265625,147.55078125,32.0,31.4375,32,0,0.0,,,,,,1,2,0.04,2,2,0.04,100,0,0,0.0,-2.1801995707271704,-112.26853687895142,16.595298266489767,2,141.3828125,114.5859375,157.87109375
capacity,wide-delta,16,1048577,True,4,67108864,random,local,4,0,67108864,67108864,32,5,True,False,0,0.03468048,271.234375,252.6640625,280.57421875,271.3359375,252.6640625,280.57421875,0.0,0.0,32,0,0.0,,,,,,0.035725178,140.94140625,138.0546875,154.62109375,140.94140625,138.05859375,154.6640625,64.0,57.0,32,0,0.0,,,,,,2,2,0.04,2,2,0.03,100,0,0,0.0,-1.673748460228941,-76.96213844614353,29.834512177648996,1,124.984375,111.375,139.6328125
source-boundary,cold,16,1048575,True,4,67108864,random,local,2,0,16777216,16777216,32,5,True,True,0,0.301560312,28.12890625,26.18359375,30.1328125,219.3515625,215.3203125,232.55078125,0.0,0.0,32,0,0.0,,,,,,0.329241031,28.140625,26.21484375,30.22265625,125.63671875,124.01953125,127.19921875,16.0,14.9375,32,0,0.0,,,,,,49,24,0.71,43,13,0.56,100,-17,0,26.15384615384615,4.873816801736897,-27.919938781031295,11.699255563592558,3,92.15234375,89.68359375,107.57421875
source-boundary,cold,16,1048576,True,4,67108864,random,local,2,0,16777216,16777216,32,5,True,True,0,0.338528922,28.1171875,28.05078125,30.15234375,143.75,138.44140625,150.984375,0.0,0.0,32,0,0.0,,,,,,0.433038454,28.234375,26.23046875,30.2265625,85.390625,82.31640625,87.2734375,16.0,14.9375,32,0,0.0,,,,,,31,16,0.47,31,10,0.42,100,-8,0,17.021276595744684,-23.210478305897887,-44.344778537993676,26.788171865606092,1,61.43359375,51.69140625,65.59375
source-boundary,subtree-delta,16,1048575,True,4,67108864,random,local,2,0,16777216,16777216,32,5,True,False,0,0.030847562,219.3515625,215.3203125,232.55078125,219.3515625,215.3203125,232.55078125,0.0,0.0,32,0,0.0,,,,,,0.029367365,125.63671875,124.01953125,127.19921875,125.63671875,124.01953125,127.19921875,16.0,14.9375,32,0,0.0,,,,,,1,1,0.02,1,1,0.01,100,0,1,25.0,8.54045987022718,-1.5859975991452613,52.61613867572419,4,92.15234375,89.68359375,107.57421875
source-boundary,subtree-delta,16,1048576,True,4,67108864,random,local,2,0,16777216,16777216,32,5,True,False,0,0.032978255,155.1171875,149.28125,164.6171875,155.2734375,149.48828125,164.7734375,0.0,0.0,32,0,0.0,,,,,,0.029621043,85.51953125,82.56640625,88.046875,85.52734375,82.58984375,88.05859375,16.0,14.9375,32,0,0.0,,,,,,1,1,0.02,1,1,0.02,100,0,0,0.0,9.071599695336118,1.08475418120213,63.7690913428746,5,68.95703125,64.7578125,79.24609375
source-boundary,warm,16,1048575,True,4,67108864,random,local,2,0,16777216,16777216,32,5,True,False,0,0.022697314,219.3515625,215.3203125,232.55078125,219.3515625,215.3203125,232.55078125,0.0,0.0,32,0,0.0,,,,,,0.023774773,125.63671875,124.01953125,127.19921875,125.63671875,124.01953125,127.19921875,0.0,0.0,32,0,0.0,,,,,,0,0,0.0,0,1,0.01,100,1,3,0.0,-4.361723153673602,-68.52129578279371,33.68402216488769,1,92.15234375,89.68359375,107.57421875
source-boundary,warm,16,1048576,True,4,67108864,random,local,2,0,16777216,16777216,32,5,True,False,0,0.024144739,152.4375,145.09765625,159.39453125,152.578125,145.21484375,159.5546875,0.0,0.0,32,0,0.0,,,,,,0.010547583,85.46484375,82.55078125,87.45703125,85.46484375,82.55859375,87.4921875,0.0,0.0,32,0,0.0,,,,,,0,1,0.01,0,0,0.01,100,0,1,50.0,52.90211343376994,-14.675967298714653,73.57543279693796,4,66.8828125,61.1484375,74.08984375
source-boundary,wide-delta,16,1048575,True,4,67108864,random,local,2,0,16777216,16777216,32,5,True,False,0,0.027232084,219.3515625,215.3203125,232.55078125,219.3515625,215.3203125,232.55078125,0.0,0.0,32,0,0.0,,,,,,0.031834371,125.63671875,124.01953125,127.19921875,125.63671875,124.01953125,127.19921875,16.0,14.9375,32,0,0.0,,,,,,1,1,0.02,1,1,0.02,100,-1,0,33.333333333333336,-20.48489935621527,-129.4665609761319,9.78463140153243,1,92.15234375,89.68359375,107.57421875
source-boundary,wide-delta,16,1048576,True,4,67108864,random,local,2,0,16777216,16777216,32,5,True,False,0,0.030254926,156.67578125,150.8046875,166.38671875,156.734375,150.8828125,166.52734375,0.0,0.0,32,0,0.0,,,,,,0.030597462,85.609375,82.63671875,88.1875,85.6328125,82.6484375,88.1953125,16.0,14.9375,32,0,0.0,,,,,,1,1,0.02,1,1,0.02,100,0,0,0.0,-1.1321660479354678,-121.32862965611486,12.722036136416593,2,70.41015625,66.12109375,80.89453125
tiny,cold,64,1024,True,1,67108864,random,local,4,0,16777216,16777216,32,5,True,True,0,0.077543421,41.05859375,40.93359375,43.0,73.4453125,71.8984375,74.62890625,0.0,0.0,32,0,0.07074737548828125,,,,,,0.16508455,42.94921875,38.90625,43.0703125,69.94921875,66.14453125,72.359375,16.0,14.9375,32,0,0.07074737548828125,,,,,,8,4,0.12,8,5,0.13,100,2,0,-16.666666666666675,-109.15585088772394,-200.56144609513177,-92.55046102438729,0,3.5390625,1.93359375,5.9609375
tiny,subtree-delta,64,1024,True,1,67108864,random,local,4,0,16777216,16777216,32,5,True,False,0,0.014562675,73.4453125,71.8984375,74.62890625,73.4453125,71.8984375,74.62890625,0.0,0.0,32,0,0.0,,,,,,0.020349863,69.94921875,66.14453125,72.359375,69.94921875,66.14453125,72.359375,16.0,14.9375,32,0,0.0,,,,,,1,2,0.03,1,2,0.03,100,0,0,0.0,-21.787464566809245,-107.68408555081473,8.96509076817944,1,3.5390625,1.93359375,5.9609375
tiny,warm,64,1024,True,1,67108864,random,local,4,0,16777216,16777216,32,5,True,False,0,0.008450524,73.4453125,71.8984375,74.62890625,73.4453125,71.8984375,74.62890625,0.0,0.0,32,0,0.0,,,,,,0.009007393,69.94921875,66.14453125,72.359375,69.94921875,66.14453125,72.359375,0.0,0.0,32,0,0.0,,,,,,1,1,0.02,1,1,0.02,100,0,0,0.0,-6.115973834634625,-28.47649958048537,6.093693124828691,2,3.5390625,1.93359375,5.9609375
tiny,wide-delta,64,1024,True,1,67108864,random,local,4,0,16777216,16777216,32,5,True,False,0,0.037477528,73.4453125,71.8984375,74.62890625,73.4453125,71.8984375,74.62890625,0.0,0.0,32,0,0.039306640625,,,,,,0.034217189,69.94921875,66.14453125,72.359375,69.94921875,66.14453125,72.359375,16.0,14.9375,32,0,0.039306640625,,,,,,4,3,0.07,3,2,0.06,100,-1,0,14.28571428571429,8.699450508048457,-16.15845773499951,14.40015484059498,3,3.5390625,1.93359375,5.9609375
large,cold,4,4194304,True,1,67108864,random,local,4,0,16777216,16777216,32,5,True,True,0,0.549666429,41.06640625,40.9609375,42.96484375,161.84765625,159.87890625,175.5390625,0.0,0.0,32,0,0.0,,,,,,0.735102084,41.046875,39.12890625,41.125,135.21484375,130.13671875,137.87109375,16.0,14.9375,32,0,0.0,,,,,,56,22,0.79,55,17,0.71,100,-8,0,9.756097560975608,-33.695193513849844,-53.08777835143792,-4.4723857398503375,0,28.015625,25.85546875,45.40234375
large,subtree-delta,4,4194304,True,1,67108864,random,local,4,0,16777216,16777216,32,5,True,False,0,0.030944595,167.90625,161.84765625,184.93359375,167.95703125,162.64453125,185.3203125,0.0,0.0,32,0,0.0,,,,,,0.034978732,140.7734375,132.921875,143.7578125,140.91796875,133.078125,145.06640625,16.0,14.9375,32,0,0.0,,,,,,2,1,0.03,1,2,0.03,100,0,0,0.0,-20.647983807632663,-171.2696167125983,37.47218860030321,1,34.87890625,18.81640625,46.8515625
large,warm,4,4194304,True,1,67108864,random,local,4,0,16777216,16777216,32,5,True,False,0,0.027838976,167.73828125,161.84765625,184.34765625,167.76953125,161.84765625,184.4453125,0.0,0.0,32,0,0.0,,,,,,0.027950025,137.578125,130.76171875,138.24609375,138.01171875,132.06640625,138.96484375,0.0,0.0,32,0,0.0,,,,,,1,2,0.03,1,2,0.03,100,0,0,0.0,7.488894705443583,-26.818580830753657,50.383871878046094,4,35.49609375,22.8828125,50.4375
large,wide-delta,4,4194304,True,1,67108864,random,local,4,0,16777216,16777216,32,5,True,False,0,0.033876136,168.28515625,162.98046875,185.53515625,168.328125,163.015625,187.37109375,0.0,0.0,32,0,0.0,,,,,,0.033654128,141.16796875,135.91015625,145.96484375,143.25390625,135.9296875,146.05078125,16.0,14.9375,32,0,0.0,,,,,,2,2,0.04,1,2,0.03,100,-1,0,25.0,-5.228448921920537,-79.09975441597041,28.833288424630254,1,32.3984375,18.69140625,49.06640625
clustered,cold,16,1048577,True,4,67108864,clustered,local,4,0,16777216,16777216,32,5,True,True,8,0.463716076,41.203125,39.03125,43.0390625,283.5625,276.328125,286.38671875,0.0,0.0,32,0,0.0,35548280,45559636,0,45547508,0,0.590755619,43.11328125,39.17578125,45.08984375,176.3203125,173.79296875,184.12890625,16.0,14.9375,32,0,0.0,35606639,46535060,0,46512452,0,66,26,0.92,64,17,0.82,100,-9,0,9.999999999999998,-25.44991981400213,-32.46439591894712,-22.232870201566747,0,102.2734375,99.43359375,112.59375
clustered,subtree-delta,16,1048577,True,4,67108864,clustered,local,4,0,16777216,16777216,32,5,True,False,8,0.031535909,283.5625,276.328125,286.38671875,283.5625,276.328125,286.38671875,0.0,0.0,32,0,0.0,117559,373404,0,370778,0,0.034278874,176.3203125,173.79296875,184.12890625,176.3203125,173.79296875,184.12890625,16.0,14.9375,32,0,0.0,117567,373642,0,370778,0,1,2,0.03,1,2,0.03,100,0,0,0.0,2.1668723237172727,-124.08353926704345,31.846287795344953,3,102.2734375,99.43359375,112.59375
clustered,warm,16,1048577,True,4,67108864,clustered,local,4,0,16777216,16777216,32,5,True,False,8,0.023939173,283.5625,276.328125,286.38671875,283.5625,276.328125,286.38671875,0.0,0.0,32,0,0.0,75781,156440,0,154096,0,0.024449755,176.3203125,173.79296875,184.12890625,176.3203125,173.79296875,184.12890625,0.0,0.0,32,0,0.0,76547,164912,0,162560,0,1,1,0.02,1,1,0.02,100,1,1,-25.0,-7.319658902789783,-69.70969494914591,28.726626366431397,2,102.2734375,99.43359375,112.59375
clustered,wide-delta,16,1048577,True,4,67108864,clustered,local,4,0,16777216,16777216,32,5,True,False,8,0.033837994,283.5625,276.328125,286.38671875,283.5625,276.328125,286.38671875,0.0,0.0,32,0,0.0,117559,287364,0,284782,0,0.03420233,176.3203125,173.79296875,184.12890625,176.3203125,173.79296875,184.12890625,16.0,14.9375,32,0,0.0,117567,296084,0,293244,0,1,2,0.03,2,2,0.03,100,0,0,0.0,-6.965584876388431,-10.81865800193016,42.29542094014202,1,102.2734375,99.43359375,112.59375
memory,cold,16,1048577,True,4,67108864,random,memory,4,0,16777216,16777216,32,5,True,True,0,0.374624868,6.46484375,6.41796875,6.4921875,143.2265625,134.7734375,146.26171875,0.0,0.0,32,0,0.0,,,,,,0.363853103,6.5390625,6.421875,6.60546875,94.140625,92.59765625,95.8203125,16.0,0.0,32,0,0.0,,,,,,33,9,0.42,34,6,0.41,100,-2,0,4.651162790697672,6.149670378064531,-9.558637126559177,11.459391649713824,4,47.40625,42.17578125,50.859375
memory,subtree-delta,16,1048577,True,4,67108864,random,memory,4,0,16777216,16777216,32,5,True,False,0,0.001355603,143.2265625,134.7734375,146.26171875,143.2265625,134.7734375,146.26171875,0.0,0.0,32,0,0.0,,,,,,0.00166185,94.41796875,92.84375,96.05078125,94.578125,93.015625,96.296875,16.0,0.0,32,0,0.0,,,,,,0,0,0.0,0,0,0.0,100,0,5,,-28.355580947585345,-113.76610274323315,29.873485990097315,1,46.9296875,41.7578125,50.625
memory,warm,16,1048577,True,4,67108864,random,memory,4,0,16777216,16777216,32,5,True,False,0,0.000189587,143.2265625,134.7734375,146.26171875,143.2265625,134.7734375,146.26171875,0.0,0.0,32,0,0.0,,,,,,0.000278545,94.41796875,92.84375,96.05078125,94.41796875,92.84375,96.05078125,0.0,0.0,32,0,0.0,,,,,,0,0,0.0,0,0,0.0,100,0,5,,-31.794481140110143,-167.1797448179684,3.068546587784826,1,47.17578125,41.9296875,50.671875
memory,wide-delta,16,1048577,True,4,67108864,random,memory,4,0,16777216,16777216,32,5,True,False,0,0.001513491,143.2265625,134.7734375,146.26171875,143.2265625,134.7734375,146.26171875,0.0,0.0,32,0,0.0,,,,,,0.002175798,94.578125,93.015625,96.296875,94.671875,93.12109375,96.37890625,16.0,0.0,32,0,0.0,,,,,,0,0,0.01,0,0,0.0,100,0,2,100.0,-51.05358042023622,-94.45206079335942,38.63131587478206,2,46.84765625,41.65234375,50.59765625
disabled-large-repeat,cold,16,1048577,True,4,67108864,random,local,4,0,0,0,32,5,True,True,0,0.546260054,41.40625,41.20703125,41.51953125,267.57421875,265.94140625,285.375,0.0,0.0,32,0,0.0,,,,,,0.538577326,41.40234375,41.29296875,43.375,267.48046875,256.55078125,275.9765625,0.0,0.0,32,0,0.0,,,,,,53,25,0.78,55,26,0.78,100,0,0,0.0,1.4383196768431472,-7.824424585675471,3.5371426122987604,4,5.45703125,-1.5390625,11.0234375
disabled-large-repeat,subtree-delta,16,1048577,True,4,67108864,random,local,4,0,0,0,32,5,True,False,0,0.032777737,267.57421875,265.94140625,287.16796875,267.57421875,265.94140625,287.40625,0.0,0.0,32,0,0.0,,,,,,0.034900826,267.48046875,256.55078125,275.9765625,267.48046875,256.55078125,275.9765625,0.0,0.0,32,0,0.0,,,,,,1,2,0.03,2,2,0.04,100,1,0,-33.33333333333333,-5.283698812524462,-41.74859528029777,53.62979128279313,1,5.45703125,-1.5390625,11.4296875
disabled-large-repeat,warm,16,1048577,True,4,67108864,random,local,4,0,0,0,32,5,True,False,0,0.02412357,267.57421875,265.94140625,285.375,267.57421875,265.94140625,285.375,0.0,0.0,32,0,0.0,,,,,,0.024544412,267.48046875,256.55078125,275.9765625,267.48046875,256.55078125,275.9765625,0.0,0.0,32,0,0.0,,,,,,1,1,0.02,1,1,0.02,100,0,0,0.0,-10.798094975163309,-174.94165534197182,26.83746799000878,2,5.45703125,-1.5390625,11.0234375
disabled-large-repeat,wide-delta,16,1048577,True,4,67108864,random,local,4,0,0,0,32,5,True,False,0,0.034729723,267.57421875,265.94140625,289.47265625,267.57421875,265.94140625,289.62109375,0.0,0.0,32,0,0.0,,,,,,0.033516558,267.48046875,256.55078125,276.390625,267.48046875,256.55078125,276.53125,0.0,0.0,32,0,0.0,,,,,,1,2,0.04,1,2,0.04,100,0,0,0.0,-1.5909287302779074,-5.359547497686634,16.45824997556462,2,4.97265625,-1.5390625,13.08984375
concurrency-boundary,cold,16,1048577,True,4,67108864,random,local,4,0,140509183,119537663,32,5,True,True,0,0.562980002,43.2890625,41.3515625,43.3515625,268.21484375,262.109375,279.09765625,0.0,0.0,32,0,0.0,,,,,,0.770073142,41.40625,39.70703125,45.30078125,135.76953125,130.9375,142.4375,67.0,57.0,32,0,0.0,,,,,,56,26,0.82,56,17,0.73,100,-5,0,6.41025641025641,-40.64516207507201,-74.83203284560405,-10.166843281982253,0,135.0703125,119.671875,143.328125
concurrency-boundary,cold,16,1048577,True,4,67108864,random,local,4,0,140509184,119537664,32,5,True,True,0,0.286171772,41.27734375,39.296875,43.5859375,261.8828125,226.29296875,271.4609375,0.0,0.0,32,0,0.0,,,,,,0.3631086,41.5390625,41.328125,43.359375,150.91015625,145.14453125,155.09375,134.0,114.0,32,0,0.0,,,,,,26,13,0.39,27,10,0.37,100,-2,0,5.128205128205132,-26.88484173764001,-112.28565818082177,-14.222483454314428,0,110.6875,75.02734375,126.31640625
concurrency-boundary,cold,16,1048577,True,4,67108864,random,local,4,0,140509185,119537665,32,5,True,True,0,0.265946574,41.3359375,41.32421875,43.20703125,270.171875,241.0,277.75,0.0,0.0,32,0,0.0,,,,,,0.307255417,41.4140625,41.328125,43.3671875,148.4296875,144.0703125,155.73046875,134.0,114.0,32,0,0.0,,,,,,27,14,0.39,25,8,0.33,100,-6,0,15.384615384615385,-15.73544954097381,-38.54205958021932,46.91633394751783,2,117.4140625,86.03515625,129.3203125
concurrency-boundary,subtree-delta,16,1048577,True,4,67108864,random,local,4,0,140509183,119537663,32,5,True,False,0,0.033720352,272.796875,262.109375,279.09765625,272.796875,262.109375,279.09765625,0.0,0.0,32,0,0.0,,,,,,0.034044213,139.8359375,134.15625,143.39453125,139.9375,134.27734375,143.58984375,67.0,57.0,32,0,0.0,,,,,,2,1,0.03,1,1,0.03,100,-1,0,40.0,-2.157127541254611,-13.844470488164928,12.094120646712824,2,132.71484375,118.51953125,139.9765625
concurrency-boundary,subtree-delta,16,1048577,True,4,67108864,random,local,4,0,140509184,119537664,32,5,True,False,0,0.026755607,261.8828125,226.29296875,271.4609375,261.8828125,226.29296875,271.4609375,0.0,0.0,32,0,0.0,,,,,,0.027241111,151.4609375,146.015625,155.3359375,153.4765625,146.02734375,155.40625,134.0,114.0,32,0,0.0,,,,,,1,1,0.01,1,1,0.02,100,1,0,-100.0,2.729469004384766,-28.994439908553016,13.27582342391147,3,110.50390625,72.4765625,125.43359375
concurrency-boundary,subtree-delta,16,1048577,True,4,67108864,random,local,4,0,140509185,119537665,32,5,True,False,0,0.025691522,270.171875,241.0,287.06640625,270.171875,241.0,289.37109375,0.0,0.0,32,0,0.0,,,,,,0.025930763,148.93359375,146.296875,155.73046875,148.9453125,146.62890625,155.73046875,134.0,114.0,32,0,0.0,,,,,,1,1,0.02,1,0,0.01,100,0,0,0.0,-0.748780083951428,-36.093338032682865,21.799109784606763,2,121.61328125,85.45703125,133.640625
concurrency-boundary,warm,16,1048577,True,4,67108864,random,local,4,0,140509183,119537663,32,5,True,False,0,0.02330031,271.0546875,262.109375,279.09765625,271.29296875,262.109375,279.09765625,0.0,0.0,32,0,0.0,,,,,,0.023482733,137.60546875,131.67578125,142.76953125,137.8359375,131.890625,142.81640625,0.0,0.0,32,0,0.0,,,,,,1,1,0.01,1,1,0.01,100,0,0,0.0,8.376392327517369,-9.880771639735597,70.32687547933911,3,134.9609375,119.29296875,140.93359375
concurrency-boundary,warm,16,1048577,True,4,67108864,random,local,4,0,140509184,119537664,32,5,True,False,0,0.021805174,261.8828125,226.29296875,271.4609375,261.8828125,226.29296875,271.4609375,0.0,0.0,32,0,0.0,,,,,,0.008599245,151.43359375,145.34765625,155.30859375,151.43359375,145.40625,155.3359375,0.0,0.0,32,0,0.0,,,,,,0,1,0.01,1,1,0.02,100,1,1,-50.0,60.56328190731246,34.5020076558356,82.21853091257996,5,110.4453125,74.52734375,126.0546875
concurrency-boundary,warm,16,1048577,True,4,67108864,random,local,4,0,140509185,119537665,32,5,True,False,0,0.020747332,270.171875,241.0,282.82421875,270.171875,241.0,283.09375,0.0,0.0,32,0,0.0,,,,,,0.0213412,148.890625,146.29296875,155.73046875,148.921875,146.296875,155.73046875,0.0,0.0,32,0,0.0,,,,,,1,1,0.01,0,0,0.01,100,-1,0,50.0,1.2280181374646149,-65.8223362616361,16.016642251603365,3,122.734375,85.5078125,131.0078125
concurrency-boundary,wide-delta,16,1048577,True,4,67108864,random,local,4,0,140509183,119537663,32,5,True,False,0,0.024763285,272.796875,262.109375,279.09765625,272.796875,262.109375,279.09765625,0.0,0.0,32,0,0.0,,,,,,0.034551478,140.5078125,134.78125,145.30859375,140.55859375,134.81640625,145.3125,67.0,57.0,32,0,0.0,,,,,,2,1,0.03,1,1,0.02,100,0,0,0.0,-14.874100911894361,-138.21593433769098,-1.5387489457099113,0,132.23828125,116.796875,141.7421875
concurrency-boundary,wide-delta,16,1048577,True,4,67108864,random,local,4,0,140509184,119537664,32,5,True,False,0,0.026239836,261.8828125,226.29296875,272.41015625,261.8828125,226.29296875,272.546875,0.0,0.0,32,0,0.0,,,,,,0.025703134,153.4765625,146.21484375,156.421875,153.55859375,146.23828125,156.4375,134.0,114.0,32,0,0.0,,,,,,1,1,0.01,1,1,0.02,100,0,0,0.0,2.045371015276165,-20.522915202637783,40.90134361861726,4,108.32421875,72.3828125,125.22265625
concurrency-boundary,wide-delta,16,1048577,True,4,67108864,random,local,4,0,140509185,119537665,32,5,True,False,0,0.026135388,270.171875,241.0078125,292.11328125,270.171875,241.16015625,292.328125,0.0,0.0,32,0,0.0,,,,,,0.026590997,150.98828125,148.9453125,155.73046875,151.046875,148.953125,155.73046875,134.0,114.0,32,0,0.0,,,,,,1,1,0.02,0,1,0.02,100,0,0,0.0,-1.7432647259723266,-53.604309529757565,26.632972440393875,2,119.125,85.52734375,136.59765625
