case,operation,files,file_bytes,packed,decode_workers,max_buffered_bytes,content,pairs,enough_samples,blob_deltas,baseline_wall_median_seconds,baseline_hwm_before_median_mib,baseline_hwm_before_min_mib,baseline_hwm_before_max_mib,baseline_hwm_after_median_mib,baseline_hwm_after_min_mib,baseline_hwm_after_max_mib,baseline_reserved_spill_median_mib,baseline_io_rchar_median_bytes,baseline_io_wchar_median_bytes,baseline_io_read_bytes_median_bytes,baseline_io_write_bytes_median_bytes,baseline_io_cancelled_write_bytes_median_bytes,candidate_wall_median_seconds,candidate_hwm_before_median_mib,candidate_hwm_before_min_mib,candidate_hwm_before_max_mib,candidate_hwm_after_median_mib,candidate_hwm_after_min_mib,candidate_hwm_after_max_mib,candidate_reserved_spill_median_mib,candidate_io_rchar_median_bytes,candidate_io_wchar_median_bytes,candidate_io_read_bytes_median_bytes,candidate_io_write_bytes_median_bytes,candidate_io_cancelled_write_bytes_median_bytes,baseline_user_ticks_median,baseline_system_ticks_median,baseline_cpu_median_seconds,candidate_user_ticks_median,candidate_system_ticks_median,candidate_cpu_median_seconds,cpu_ticks_per_second,cpu_added_ticks_median,cpu_zero_baseline_pairs,cpu_reduction_median_percent,time_reduction_median_percent,time_reduction_min_percent,time_reduction_max_percent,faster_pairs,paired_hwm_reduction_median_mib,paired_hwm_reduction_min_mib,paired_hwm_reduction_max_mib
isolated-disabled-4m,cold,16,4194304,True,1,67108864,clustered,5,True,8,0.433480696,19.234375,14.6796875,19.28515625,263.5703125,259.578125,265.19921875,,34062030,36897386,0,36886170,0,0.267006345,19.45703125,16.8671875,21.375,264.0859375,258.60546875,270.30078125,0.0,34063049,36914554,0,36903098,0,40,10,0.48,24,9,0.32,100,-19,0,40.42553191489362,43.45455286533287,22.99377733703264,62.426011517851386,5,-3.41796875,-6.73046875,6.05859375
isolated-disabled-4m,cold,16,4194304,True,4,67108864,clustered,5,True,8,0.520263945,21.18359375,21.13671875,21.296875,254.12890625,248.30078125,258.84375,,34066382,36968762,0,36958114,0,0.384723876,21.42578125,19.43359375,21.5390625,243.61328125,237.73828125,254.3828125,0.0,34066894,36977209,0,36966577,0,83,18,1.01,60,18,0.8,100,-19,0,18.811881188118807,25.311090315897246,-45.29000142728088,60.22394372907816,3,8.16796875,-6.08203125,21.10546875
isolated-disabled-4m,subtree-delta,16,4194304,True,1,67108864,clustered,5,True,8,0.022116234,263.5703125,259.578125,265.19921875,263.5703125,259.578125,265.19921875,,30014,95195,0,94387,0,0.010984728,264.0859375,258.60546875,270.30078125,264.0859375,258.60546875,270.30078125,0.0,30008,95195,0,94387,0,0,0,0.01,0,0,0.0,100,-1,2,100.0,50.33183316834141,-36.61289182749756,68.52254020748387,4,-3.41796875,-6.73046875,6.05859375
isolated-disabled-4m,subtree-delta,16,4194304,True,4,67108864,clustered,5,True,8,0.024968917,254.12890625,248.30078125,258.84375,254.12890625,248.30078125,258.84375,,30008,95194,0,94386,0,0.024806922,243.61328125,237.73828125,254.3828125,243.61328125,237.73828125,254.3828125,0.0,30014,95186,0,94386,0,0,0,0.01,1,0,0.01,100,0,2,0.0,1.4212866916566091,-11.326532669385813,13.319095898312295,3,8.16796875,-6.08203125,21.10546875
isolated-disabled-4m,warm,16,4194304,True,1,67108864,clustered,5,True,8,0.023602053,263.5703125,259.578125,265.19921875,263.5703125,259.578125,265.19921875,,256075,42386,0,38722,0,0.023656986,264.0859375,258.60546875,270.30078125,264.0859375,258.60546875,270.30078125,0.0,256071,42386,0,38722,0,0,0,0.01,1,0,0.01,100,1,2,0.0,1.3087929257679431,-5.7038692711661065,21.578943690317786,3,-3.41796875,-6.73046875,6.05859375
isolated-disabled-4m,warm,16,4194304,True,4,67108864,clustered,5,True,8,0.024433348,254.12890625,248.30078125,258.84375,254.12890625,248.30078125,258.84375,,256068,42386,0,38722,0,0.025318786,243.61328125,237.73828125,254.3828125,243.61328125,237.73828125,254.3828125,0.0,256074,42386,0,38722,0,0,0,0.0,1,0,0.01,100,0,3,25.0,0.6209447711707283,-80.25223956234291,7.466291561844097,3,8.16796875,-6.08203125,21.10546875
isolated-disabled-4m,wide-delta,16,4194304,True,1,67108864,clustered,5,True,8,0.022571261,263.5703125,259.578125,265.19921875,263.5703125,259.578125,265.19921875,,30014,75891,0,75083,0,0.022377216,264.0859375,258.60546875,270.30078125,264.0859375,258.60546875,270.30078125,0.0,30008,75891,0,75083,0,0,0,0.01,0,0,0.0,100,-1,1,100.0,3.271221889562148,-140.45620864116523,64.01312175396006,3,-3.41796875,-6.73046875,6.05859375
isolated-disabled-4m,wide-delta,16,4194304,True,4,67108864,clustered,5,True,8,0.024810999,254.12890625,248.30078125,258.84375,254.12890625,248.30078125,258.84375,,30008,75890,0,75082,0,0.02491222,243.61328125,237.73828125,254.3828125,243.61328125,237.73828125,254.3828125,0.0,30014,75882,0,75082,0,1,0,0.01,0,0,0.0,100,0,2,100.0,-1.3778162801377336,-6.3436328059184754,12.95208629043917,2,8.16796875,-6.08203125,21.10546875
final-disabled,cold,16,1048576,True,1,67108864,clustered,10,True,8,0.2170709305,21.837890625,19.8203125,21.890625,95.958984375,91.95703125,98.6484375,,8888205.0,11397807.5,0.0,11394303.5,0.0,0.1917337705,21.4375,19.42578125,23.51171875,93.125,89.77734375,100.84765625,0.0,8888084.5,11395679.5,0.0,11392187.5,0.0,16.5,9.0,0.255,14.5,6.5,0.21,100,-1.0,0,4.304029304029306,1.2255182996390335,-38.30660975788091,65.1822910867362,6,1.017578125,-6.921875,6.25
final-disabled,cold,16,1048576,True,4,67108864,clustered,10,True,8,0.165052949,21.802734375,19.765625,21.921875,98.599609375,96.77734375,101.3125,,8887061.0,11378342.0,0.0,11375254.0,0.0,0.1636583925,21.474609375,19.43359375,23.484375,99.06640625,96.640625,103.66015625,0.0,8887322.5,11382634.0,0.0,11379486.0,0.0,20.0,8.0,0.28,19.0,7.0,0.255,100,-0.5,0,1.3739545997610567,1.9823436314506115,-19.731650506971942,21.2338038227885,5,-1.3046875,-4.66796875,4.55078125
final-disabled,cold,16,4194304,True,1,67108864,clustered,10,True,8,0.60187106,21.8125,19.84765625,21.8671875,257.8203125,251.30859375,261.73046875,,34062293.5,36901782.0,0.0,36890402.0,0.0,0.5905841585,21.48046875,19.41015625,23.4296875,260.671875,250.65234375,264.44140625,0.0,34061776.5,36893209.0,0.0,36881937.0,0.0,52.5,19.0,0.72,54.5,18.0,0.725,100,-1.0,0,1.470588235294118,1.752416535788498,-26.39592975149718,16.521753168967912,6,-2.8046875,-13.1328125,9.6953125
final-disabled,cold,16,4194304,True,4,67108864,clustered,10,True,8,0.3862046105,21.830078125,21.78125,21.875,244.28515625,241.66796875,264.359375,,34066385.5,36968574.0,0.0,36958114.0,0.0,0.344167274,21.47265625,19.59765625,21.5390625,243.544921875,237.86328125,251.1796875,0.0,34066378.0,36968729.5,0.0,36958113.5,0.0,61.5,18.0,0.795,50.5,15.0,0.65,100,-13.5,0,17.191558441558442,9.09132516699857,-12.924090420341017,38.32084672669303,7,1.88671875,-8.66015625,15.1875
final-disabled,subtree-delta,16,1048576,True,1,67108864,clustered,10,True,8,0.026123326,95.958984375,91.95703125,98.6484375,95.958984375,91.95703125,98.6484375,,29998.0,90598.0,0.0,89798.0,0.0,0.0262901605,93.125,89.77734375,100.84765625,93.125,89.77734375,100.84765625,0.0,30001.0,90598.5,0.0,89799.0,0.0,0.0,1.0,0.01,1.0,0.5,0.01,100,0.0,3,0.0,-6.063254981885768,-92.30079936925533,80.54474229337308,3,1.017578125,-6.921875,6.25
final-disabled,subtree-delta,16,1048576,True,4,67108864,clustered,10,True,8,0.026115461,98.599609375,96.77734375,101.3125,98.599609375,96.77734375,101.3125,,30001.0,90599.0,0.0,89799.0,0.0,0.0277207345,99.06640625,96.640625,103.66015625,99.06640625,96.640625,103.66015625,0.0,30001.0,90599.0,0.0,89799.0,0.0,0.0,0.5,0.01,0.0,0.0,0.005,100,-0.5,3,50.0,-1.6085923375319,-144.10136286568132,6.605878310617985,3,-1.3046875,-4.66796875,4.55078125
final-disabled,subtree-delta,16,4194304,True,1,67108864,clustered,10,True,8,0.027512413,257.8203125,251.30859375,261.73046875,257.8203125,251.30859375,261.73046875,,30016.0,95195.0,0.0,94387.0,0.0,0.027232685,260.671875,250.65234375,264.44140625,260.671875,250.65234375,264.44140625,0.0,30016.0,95194.5,0.0,94387.0,0.0,1.0,0.0,0.01,0.0,0.5,0.01,100,0.0,3,0.0,-2.191620716385234,-119.42121965108163,76.56827907137766,5,-2.8046875,-13.1328125,9.6953125
final-disabled,subtree-delta,16,4194304,True,4,67108864,clustered,10,True,8,0.0253761625,244.28515625,241.66796875,264.359375,244.28515625,241.66796875,264.359375,,30014.0,95186.0,0.0,94386.0,0.0,0.023284468000000003,243.544921875,237.86328125,251.1796875,243.544921875,237.86328125,251.1796875,0.0,30010.0,95187.0,0.0,94387.0,0.0,0.5,0.0,0.01,0.0,0.0,0.01,100,0.0,4,0.0,5.501472868050028,-9.818255628841666,64.28833167444269,8,1.88671875,-8.66015625,15.1875
final-disabled,warm,16,1048576,True,1,67108864,clustered,10,True,8,0.017354105,95.958984375,91.95703125,98.6484375,95.958984375,91.95703125,98.6484375,,19743.0,39410.0,0.0,38722.0,0.0,0.0117714955,93.125,89.77734375,100.84765625,93.125,89.77734375,100.84765625,0.0,19746.0,39410.0,0.0,38722.0,0.0,0.0,0.0,0.0,0.0,0.0,0.0,100,0.0,8,50.0,-7.901031014711302,-153.09932444881923,77.40146426549566,4,1.017578125,-6.921875,6.25
final-disabled,warm,16,1048576,True,4,67108864,clustered,10,True,8,0.0178021695,98.599609375,96.77734375,101.3125,98.599609375,96.77734375,101.3125,,19747.0,39410.0,0.0,38722.0,0.0,0.0181824405,99.06640625,96.640625,103.66015625,99.06640625,96.640625,103.66015625,0.0,19747.0,39410.0,0.0,38722.0,0.0,0.0,0.0,0.01,1.0,0.0,0.01,100,0.0,4,0.0,-6.92875089718491,-77.34041027194387,60.878378415045766,4,-1.3046875,-4.66796875,4.55078125
final-disabled,warm,16,4194304,True,1,67108864,clustered,10,True,8,0.027147275,257.8203125,251.30859375,261.73046875,257.8203125,251.30859375,261.73046875,,256079.0,42386.0,0.0,38722.0,0.0,0.0271199935,260.671875,250.65234375,264.44140625,260.671875,250.65234375,264.44140625,0.0,256076.0,42386.0,0.0,38722.0,0.0,1.0,1.0,0.02,0.5,1.0,0.015,100,0.0,1,0.0,3.008463276170509,-24.430522367934614,40.63079742397243,6,-2.8046875,-13.1328125,9.6953125
final-disabled,warm,16,4194304,True,4,67108864,clustered,10,True,8,0.025655268000000002,244.28515625,241.66796875,264.359375,244.28515625,241.66796875,264.359375,,256074.5,42386.0,0.0,38722.0,0.0,0.02515188,243.544921875,237.86328125,251.1796875,243.544921875,237.86328125,251.1796875,0.0,256070.5,42386.0,0.0,38722.0,0.0,1.0,1.0,0.01,0.0,0.5,0.01,100,-0.5,1,50.0,2.2221985414268284,-131.56288023696015,39.9920118986434,7,1.88671875,-8.66015625,15.1875
final-disabled,wide-delta,16,1048576,True,1,67108864,clustered,10,True,8,0.027810148,95.958984375,91.95703125,98.6484375,95.958984375,91.95703125,98.6484375,,29998.0,71294.0,0.0,70494.0,0.0,0.0199294405,93.125,89.77734375,100.84765625,93.125,89.77734375,100.84765625,0.0,30001.0,71294.0,0.0,70495.0,0.0,0.5,0.0,0.01,0.0,1.0,0.01,100,0.0,2,0.0,0.8648152682249997,-63.54314199993147,74.9550647690973,5,1.017578125,-6.921875,6.25
final-disabled,wide-delta,16,1048576,True,4,67108864,clustered,10,True,8,0.027452004,98.599609375,96.77734375,101.3125,98.599609375,96.77734375,101.3125,,30001.0,71295.0,0.0,70495.0,0.0,0.0275617705,99.06640625,96.640625,103.66015625,99.06640625,96.640625,103.66015625,0.0,30002.0,71295.0,0.0,70495.0,0.0,1.0,1.0,0.01,0.0,0.0,0.01,100,-1.0,0,50.0,-5.112898918580611,-53.96177605584293,39.2463745628168,4,-1.3046875,-4.66796875,4.55078125
final-disabled,wide-delta,16,4194304,True,1,67108864,clustered,10,True,8,0.0268768405,257.8203125,251.30859375,261.73046875,257.8203125,251.30859375,261.73046875,,30016.0,75891.0,0.0,75083.0,0.0,0.028338037500000003,260.671875,250.65234375,264.44140625,260.671875,250.65234375,264.44140625,0.0,30016.0,75891.0,0.0,75083.0,0.0,0.5,0.0,0.005,1.0,1.0,0.015,100,1.0,5,0.0,-4.727080519852011,-32.0423136776494,55.84645582657571,4,-2.8046875,-13.1328125,9.6953125
final-disabled,wide-delta,16,4194304,True,4,67108864,clustered,10,True,8,0.0253059405,244.28515625,241.66796875,264.359375,244.28515625,241.66796875,264.359375,,30014.0,75882.5,0.0,75082.0,0.0,0.023218193499999998,243.544921875,237.86328125,251.1796875,243.544921875,237.86328125,251.1796875,0.0,30010.0,75882.5,0.0,75083.0,0.0,0.0,0.0,0.0,0.0,0.0,0.0,100,0.0,7,0.0,6.599332413260172,-5.451229307781591,61.52221628199677,7,1.88671875,-8.66015625,15.1875
final-clustered-4m,cold,16,4194304,True,1,67108864,clustered,5,True,8,0.666719749,21.84375,19.84375,23.82421875,259.4765625,254.95703125,268.0625,,34062550,36905906,0,36894634,0,0.743407941,21.546875,19.55859375,21.5625,118.46484375,114.88671875,125.09375,36.0,135456263,104046449,0,104024657,0,59,19,0.8,72,19,0.91,100,6,0,-7.499999999999996,-11.50231294558517,-49.1517377535448,4.8538330052150025,1,140.37109375,137.25,149.875
final-clustered-4m,cold,16,4194304,True,4,67108864,clustered,5,True,8,0.448108743,21.80078125,19.79296875,21.84375,248.58203125,233.80078125,251.6875,,34066896,36977321,0,36966577,0,0.642679242,21.484375,19.48046875,21.5390625,109.640625,103.15625,110.66015625,40.0,135458825,104084137,0,104066977,0,73,22,0.95,93,23,1.16,100,26,0,-26.262626262626256,-31.38240576573621,-74.15122581274873,-18.305696752654967,0,138.55078125,123.3359375,148.53125
final-clustered-4m,subtree-delta,16,4194304,True,1,67108864,clustered,5,True,8,0.027529167,259.4765625,254.95703125,268.0625,259.4765625,254.95703125,268.0625,,30016,95195,0,94387,0,0.0263195,121.7734375,119.16796875,135.23046875,121.828125,119.2265625,135.31640625,0.0,30016,95186,0,94386,0,0,0,0.0,1,0,0.01,100,1,3,-25.0,1.5291853908983133,-54.022883435202985,50.53909830311446,4,135.73046875,128.80859375,148.40625
final-clustered-4m,subtree-delta,16,4194304,True,4,67108864,clustered,5,True,8,0.02796055,248.58203125,233.80078125,251.6875,248.58203125,233.80078125,251.6875,,30006,95186,0,94386,0,0.028265014,114.265625,107.6953125,117.43359375,114.30859375,107.72265625,117.51171875,0.0,30006,95186,0,94386,0,0,0,0.0,0,1,0.01,100,0,3,0.0,-5.7372640716252254,-123.44726570409384,7.509041406526973,2,133.73046875,118.27734375,143.96484375
final-clustered-4m,warm,16,4194304,True,1,67108864,clustered,5,True,8,0.028979479,259.4765625,254.95703125,268.0625,259.4765625,254.95703125,268.0625,,256076,42386,0,38722,0,0.028112235,121.2578125,118.6796875,134.3828125,121.3359375,118.73046875,134.44921875,0.0,256076,42386,0,38722,0,1,1,0.02,0,1,0.01,100,-1,0,50.0,2.0050532999575266,-9.715277805315935,23.27068262658575,3,136.2265625,129.23828125,149.30859375
final-clustered-4m,warm,16,4194304,True,4,67108864,clustered,5,True,8,0.026199975,248.58203125,233.80078125,251.6875,248.58203125,233.80078125,251.6875,,256069,42386,0,38722,0,0.027173357,111.83984375,107.17578125,117.0859375,111.87109375,107.23046875,117.09375,0.0,256066,42386,0,38722,0,1,1,0.02,1,1,0.02,100,0,1,0.0,-6.542628380370585,-26.80950652706109,1.8629561290914531,1,136.16796875,119.55078125,144.45703125
final-clustered-4m,wide-delta,16,4194304,True,1,67108864,clustered,5,True,8,0.027610962,259.4765625,254.95703125,268.0625,259.4765625,254.95703125,268.0625,,30016,75891,0,75083,0,0.029127097,122.10546875,119.8359375,135.890625,122.13671875,119.90234375,135.96875,0.0,30016,75882,0,75082,0,0,0,0.01,0,1,0.01,100,0,2,0.0,1.011125510328037,-18.197040753962067,14.688637156742345,3,134.1484375,128.43359375,148.16015625
final-clustered-4m,wide-delta,16,4194304,True,4,67108864,clustered,5,True,8,0.029492846,248.58203125,233.80078125,251.6875,248.58203125,233.80078125,251.6875,,30006,75882,0,75082,0,0.028650289,114.6796875,107.91796875,117.75,114.68359375,107.9765625,117.75,0.0,30006,75882,0,75082,0,0,0,0.01,1,1,0.01,100,0,2,0.0,8.681686343147687,-27.857999737876547,23.340385665052466,3,133.35546875,118.015625,143.7109375
